LANG_ISO,continent
aaa,Africa
aab,Africa
aac,Oceania
aad,Oceania
aae,Europe
aaf,Asia
aag,Oceania
aai,Oceania
aak,Oceania
aal,Africa
aan,South America
aap,South America
aaq,North America
aar,Africa
aas,Africa
aat,Europe
aau,Oceania
aaw,Oceania
aax,Asia
aaz,Asia
aba,Africa
abb,Africa
abc,Asia
abd,Asia
abe,North America
abf,Asia
abg,Oceania
abi,Africa
abj,Asia
abk,Asia
abl,Asia
abm,Africa
abn,Africa
abo,Africa
abp,Asia
abq,Europe
abr,Africa
abs,Asia
abt,Oceania
abu,Africa
abw,Oceania
abx,NA
aby,Oceania
abz,Asia
aca,South America
acd,Africa
ace,Asia
acf,North America
ach,Africa
aci,Asia
ack,Asia
acl,Asia
acn,Asia
acp,Africa
acr,North America
acs,South America
acu,South America
acv,North America
acz,Africa
ada,Africa
add,Africa
ade,Africa
adg,Oceania
adh,Africa
adi,Asia
adj,Africa
adl,Asia
adn,Asia
ado,Oceania
adq,Africa
adr,Asia
adt,Oceania
adw,South America
adx,Asia
ady,Asia
adz,Oceania
aea,Oceania
aee,Asia
aek,Oceania
ael,Africa
aem,Asia
aeq,Asia
aer,Oceania
aeu,Asia
aew,Oceania
aey,Oceania
aez,Oceania
afd,Oceania
afe,Africa
afi,Oceania
afk,Oceania
afn,Africa
afo,Africa
afp,Oceania
afr,Africa
afs,North America
aft,Africa
afu,Africa
afz,Asia
agb,Africa
agc,Africa
agd,Oceania
age,Oceania
agf,NA
agg,Oceania
agh,Africa
agj,Africa
agk,Asia
agl,Oceania
agm,Oceania
agn,Asia
ago,Oceania
agq,Africa
agr,South America
ags,Africa
agt,Asia
agu,North America
agv,Asia
agw,Oceania
agx,Europe
agy,Asia
agz,Asia
aha,Africa
ahb,Oceania
ahg,Africa
ahh,Asia
ahi,Africa
ahk,Asia
ahl,Africa
ahm,Africa
ahn,Africa
aho,Asia
ahp,Africa
ahs,Africa
aht,North America
aia,Oceania
aib,Asia
aic,Oceania
aid,Oceania
aie,Oceania
aif,Oceania
aig,North America
aih,Asia
aii,Asia
aik,Africa
ail,Oceania
aim,Asia
ain,Asia
aio,Asia
aip,Asia
aiq,Asia
air,Asia
ait,South America
aiw,Africa
aix,Oceania
aiy,Africa
aja,Africa
ajg,Africa
aji,Oceania
ajt,Africa
aju,Africa
ajw,Africa
ajz,Asia
aka,Africa
akb,Asia
akc,Asia
akd,Africa
ake,South America
akf,Africa
akg,Asia
akh,Oceania
aki,Oceania
akj,Asia
akl,Asia
akm,Asia
ako,South America
akp,Africa
akq,Oceania
akr,Oceania
aks,Africa
akt,Oceania
aku,Africa
akv,Europe
akw,Africa
akx,Asia
aky,Asia
akz,North America
ala,Africa
alc,South America
ald,Africa
ale,Europe
alf,Africa
alh,Oceania
ali,Oceania
alj,Asia
alk,Asia
all,Asia
alm,Oceania
aln,Europe
alo,Asia
alp,Asia
alq,North America
alr,Europe
als,Europe
alt,Asia
alu,Oceania
alw,Africa
alx,Oceania
aly,Oceania
alz,Africa
ama,South America
amb,Africa
amc,South America
ame,South America
amf,Africa
amg,Oceania
amh,Africa
ami,Asia
amj,Africa
amk,Asia
aml,Asia
amm,Oceania
amn,Oceania
amo,Africa
amp,Oceania
amq,Asia
amr,South America
ams,Asia
amt,Oceania
amu,North America
amv,Asia
amw,Asia
amx,Oceania
amy,Oceania
amz,Oceania
ana,South America
anb,South America
anc,Africa
and,Asia
ane,Oceania
anf,Africa
anh,Oceania
ani,Europe
anj,Oceania
ank,Africa
anl,Asia
anm,Asia
ann,Africa
ano,South America
anp,Asia
anq,Asia
anr,Asia
ans,South America
ant,Oceania
anu,Africa
anv,Africa
anw,Africa
anx,Oceania
any,Africa
anz,Oceania
aoa,Africa
aob,Oceania
aoc,South America
aod,Oceania
aoe,Oceania
aof,Oceania
aog,Oceania
aoi,Oceania
aoj,Oceania
aok,Oceania
aol,Asia
aom,Oceania
aon,Oceania
aor,Oceania
aos,Asia
aot,Asia
aox,South America
aoz,Asia
apb,Oceania
ape,Oceania
apg,Asia
aph,Asia
api,South America
apj,North America
apk,North America
apl,North America
apm,North America
apn,South America
apo,Oceania
app,Oceania
apq,Asia
apr,Oceania
aps,Oceania
apt,Asia
apu,South America
apw,North America
apx,Asia
apy,South America
apz,Oceania
aqc,Europe
aqg,Africa
aqm,Asia
aqn,Asia
aqr,Oceania
ard,Oceania
are,Oceania
arg,Europe
arh,South America
ari,North America
arj,South America
ark,South America
arl,South America
arn,South America
aro,South America
arp,North America
arr,South America
arv,Africa
arw,Europe
arx,South America
asa,Africa
asb,North America
asc,Asia
asg,Africa
ash,South America
asi,Asia
asj,Africa
ask,Asia
asl,Asia
asm,Asia
asn,South America
aso,Oceania
asr,Asia
ass,Africa
ast,Europe
asu,South America
asv,Africa
asx,Oceania
asy,Asia
asz,Asia
ata,Oceania
atb,Asia
atd,Asia
ate,Oceania
atg,Africa
ati,Africa
atj,North America
atk,Asia
atl,Asia
atm,Asia
atn,Asia
ato,Africa
atp,Asia
atq,Asia
atr,South America
ats,North America
att,Asia
atu,Africa
atv,Europe
atw,North America
atx,South America
aty,Oceania
atz,Asia
aua,NA
aub,Asia
auc,South America
aud,NA
aug,Africa
auh,Africa
aui,Oceania
auj,Africa
auk,Oceania
aul,Oceania
aum,Africa
aun,Oceania
aup,Oceania
auq,Asia
aur,Oceania
aut,NA
auu,Asia
auw,Asia
aux,South America
auy,Oceania
ava,Asia
avb,Oceania
avd,Asia
ave,Asia
avi,Africa
avn,Africa
avs,South America
avt,Oceania
avu,Africa
avv,South America
awa,Asia
awb,Oceania
awc,Africa
awe,South America
awh,Asia
awi,Oceania
awk,Oceania
awm,Oceania
awn,Africa
awo,Africa
awr,Asia
aws,Asia
awt,South America
awu,Asia
awv,Asia
aww,Oceania
awx,Oceania
awy,Asia
axg,South America
axk,Africa
axx,Oceania
aya,Oceania
ayb,Africa
ayc,South America
ayd,Oceania
aye,Africa
ayg,Africa
ayi,Africa
ayk,Africa
ayo,South America
ayq,Oceania
ayr,South America
ayt,Asia
ayu,Africa
ayz,Asia
aza,Asia
azb,Asia
azg,North America
azj,Asia
azm,North America
azo,Africa
azt,Asia
azz,North America
baa,Oceania
bab,Africa
bac,Asia
bae,South America
baf,Africa
bag,Africa
bah,North America
baj,Asia
bak,Europe
bam,Africa
ban,Asia
bao,South America
bap,Asia
bar,Europe
bas,Africa
bau,Africa
bav,Africa
baw,Africa
bax,Africa
bay,Asia
bba,Africa
bbb,Oceania
bbc,Asia
bbd,Oceania
bbe,Africa
bbf,Oceania
bbg,Africa
bbh,Asia
bbi,Africa
bbj,Africa
bbk,Africa
bbl,Asia
bbm,Africa
bbn,NA
bbo,Africa
bbp,Africa
bbq,Africa
bbr,Oceania
bbs,Africa
bbt,Africa
bbu,Africa
bbv,Oceania
bbw,Africa
bby,Africa
bca,Asia
bcc,Asia
bcd,Asia
bce,Africa
bcf,Oceania
bcg,Africa
bch,Oceania
bci,Africa
bcj,Oceania
bck,Oceania
bcl,Asia
bcm,Oceania
bcn,Africa
bco,Oceania
bcp,Africa
bcq,Africa
bcr,North America
bcs,Africa
bct,Africa
bcu,Oceania
bcv,Africa
bcw,Africa
bcy,Africa
bcz,Africa
bda,Africa
bdb,Asia
bdc,South America
bdd,Oceania
bde,Africa
bdg,Asia
bdh,Africa
bdi,Africa
bdj,Africa
bdk,Asia
bdl,Asia
bdm,Africa
bdn,Africa
bdo,Africa
bdp,Africa
bdq,Asia
bdr,Asia
bds,Africa
bdt,Africa
bdu,Africa
bdv,Asia
bdw,Asia
bdx,Asia
bdy,Oceania
bea,North America
beb,Africa
bec,Africa
bed,Asia
bee,Asia
bef,Oceania
beg,Asia
beh,Africa
bei,Asia
bej,Africa
bek,Oceania
bel,Europe
bem,Africa
ben,Asia
beo,Oceania
bep,Asia
beq,Africa
bes,Africa
bet,Africa
beu,Asia
bev,Africa
bew,Asia
bex,Africa
bey,Oceania
bez,Africa
bfa,Africa
bfb,Asia
bfc,Asia
bfd,Africa
bfe,Asia
bff,Africa
bfg,Asia
bfh,Asia
bfj,Africa
bfl,Africa
bfm,Africa
bfn,Asia
bfo,Africa
bfp,Africa
bfq,Asia
bfs,Asia
bft,Asia
bfu,Asia
bfw,Asia
bfy,Asia
bfz,Asia
bga,Africa
bgb,Asia
bgc,Asia
bgd,Asia
bge,Asia
bgf,Africa
bgg,Asia
bgi,Asia
bgj,Africa
bgk,Asia
bgl,Asia
bgn,Asia
bgo,Africa
bgp,Asia
bgq,Asia
bgr,Asia
bgs,Asia
bgt,Oceania
bgu,Africa
bgv,Asia
bgw,Asia
bgx,Europe
bgy,Asia
bgz,Asia
bha,Asia
bhb,Asia
bhc,NA
bhd,Asia
bhe,Asia
bhf,Oceania
bhg,Oceania
bhh,Asia
bhi,Asia
bhj,Asia
bhl,Oceania
bhm,Asia
bhn,Asia
bho,Asia
bhp,Asia
bhq,Asia
bhr,Africa
bhs,Africa
bht,Asia
bhu,Asia
bhv,Asia
bhw,Asia
bhy,Africa
bhz,Asia
bia,Oceania
bib,Africa
bid,Africa
bie,Oceania
bif,Africa
big,Oceania
bij,Africa
bil,Africa
bim,Africa
bin,Africa
bio,Oceania
bip,Africa
biq,NA
bir,Oceania
bis,Oceania
bit,Oceania
biu,Asia
biv,Africa
biw,Africa
bix,Asia
biy,Asia
biz,Africa
bja,Africa
bjb,Oceania
bjc,Oceania
bje,Asia
bjf,Asia
bjg,Africa
bjh,Oceania
bji,Africa
bjj,Asia
bjk,Oceania
bjl,Oceania
bjm,Asia
bjo,Africa
bjr,Oceania
bjs,North America
bjt,Africa
bju,Africa
bjv,Africa
bjw,Africa
bjx,Asia
bjy,Oceania
bjz,Oceania
bka,Africa
bkc,Africa
bkd,Asia
bkf,Africa
bkh,Africa
bki,Oceania
bkj,Africa
bkk,Asia
bkl,Asia
bkm,Africa
bkn,Asia
bko,Africa
bkp,Africa
bkq,South America
bkr,Asia
bks,Asia
bkt,Africa
bku,Asia
bkv,Africa
bkw,Africa
bkx,Asia
bky,Africa
bkz,Asia
bla,North America
blb,Oceania
blc,North America
bld,Asia
ble,Africa
blf,Asia
blh,Africa
bli,Africa
blj,Asia
blk,Asia
blm,Africa
bln,Asia
blo,Africa
blp,Oceania
blq,NA
blr,Asia
bls,Asia
blt,Asia
blv,Africa
blw,Asia
blx,Asia
bly,Africa
blz,Asia
bma,Africa
bmb,Africa
bmc,NA
bmd,Africa
bmg,Africa
bmh,Oceania
bmi,Africa
bmj,Asia
bmk,Oceania
bml,Africa
bmm,Africa
bmn,Oceania
bmo,Africa
bmp,Oceania
bmq,Africa
bmr,South America
bms,Africa
bmt,Asia
bmu,Oceania
bmv,Africa
bmw,Africa
bmx,Oceania
bmz,Oceania
bna,NA
bnb,Asia
bnd,Asia
bne,Asia
bnf,Asia
bng,Africa
bni,Africa
bnj,Asia
bnk,Oceania
bnl,Africa
bnm,Africa
bnn,Asia
bno,Asia
bnp,Oceania
bnq,Asia
bnr,Oceania
bns,Asia
bnu,Asia
bnv,Asia
bnw,Oceania
bnx,Africa
bny,Asia
bnz,Africa
boa,South America
bob,Africa
bod,Asia
boe,Africa
bof,Africa
boh,Africa
boi,North America
boj,Oceania
bok,Africa
bol,Africa
bom,Africa
bon,Oceania
boo,Africa
bop,Oceania
boq,Oceania
bor,South America
bot,Africa
bou,Africa
bov,Africa
bow,Asia
box,Africa
boy,Africa
boz,Africa
bpa,Oceania
bpd,Africa
bpg,Asia
bph,Europe
bpi,Oceania
bpj,Africa
bpk,Oceania
bpm,Oceania
bpn,Asia
bpp,Asia
bpq,NA
bpr,Asia
bps,Asia
bpt,Oceania
bpu,Oceania
bpv,Asia
bpw,Oceania
bpx,Asia
bpy,Asia
bpz,Asia
bqa,Africa
bqb,Asia
bqc,Africa
bqd,Africa
bqg,Africa
bqh,Asia
bqi,Asia
bqj,Africa
bqk,Africa
bql,Oceania
bqm,Africa
bqo,Africa
bqp,Africa
bqq,Asia
bqr,Asia
bqs,Oceania
bqt,Africa
bqu,Africa
bqv,Africa
bqw,Africa
bqx,Africa
bqz,Africa
bra,Asia
brb,Asia
brc,South America
brd,Asia
bre,Europe
brf,Africa
brg,South America
brh,Asia
bri,Africa
brj,Oceania
brk,Africa
brl,Africa
brm,Africa
brn,North America
bro,Asia
brp,Asia
brq,Oceania
brr,Oceania
brs,Asia
brt,Africa
bru,Asia
brv,Asia
brw,Asia
brx,Asia
bry,Oceania
brz,Oceania
bsa,Asia
bsb,Asia
bsc,Africa
bse,Africa
bsf,Africa
bsg,Asia
bsh,Asia
bsi,Africa
bsj,Africa
bsk,Asia
bsl,Africa
bsm,Asia
bsn,South America
bsp,Africa
bsq,Africa
bsr,Africa
bss,Africa
bst,Africa
bsu,Asia
bsw,Africa
bsx,Africa
bsy,Asia
bta,Africa
btc,Africa
btd,Asia
bte,Africa
btf,Africa
btg,Africa
bth,Asia
bti,Asia
btm,Asia
btn,Asia
bto,Asia
btp,NA
btq,Asia
btr,Oceania
bts,Asia
btt,Africa
btu,Africa
btv,Asia
btw,Asia
btx,Asia
bty,Asia
btz,Asia
bub,Africa
buc,Europe
bud,Africa
buf,Africa
bug,Asia
buh,Asia
bui,Africa
buj,Africa
buk,Oceania
bul,Europe
bum,Africa
bun,Africa
buo,Oceania
bup,Asia
buq,Oceania
bus,Africa
but,Oceania
buu,Africa
buv,Oceania
buw,Africa
bux,Africa
buy,Africa
buz,Africa
bva,Africa
bvb,Africa
bvc,Oceania
bvd,Oceania
bvf,Africa
bvg,Africa
bvh,Africa
bvi,Africa
bvj,Africa
bvk,Asia
bvm,Africa
bvn,Oceania
bvo,Africa
bvr,Oceania
bvt,Asia
bvv,South America
bvw,Africa
bvx,Africa
bvz,Asia
bwa,Oceania
bwb,NA
bwc,Africa
bwd,Oceania
bwe,Asia
bwf,Oceania
bwg,Africa
bwh,Africa
bwi,South America
bwj,Africa
bwk,Oceania
bwm,Oceania
bwn,Asia
bwo,Africa
bwp,Asia
bwq,Africa
bwr,Africa
bws,Africa
bwt,Africa
bwu,Africa
bww,Africa
bwx,Asia
bwy,Africa
bwz,Africa
bxa,Oceania
bxb,Africa
bxc,Africa
bxd,Asia
bxe,Africa
bxf,Oceania
bxg,Africa
bxh,Oceania
bxi,Oceania
bxj,Oceania
bxk,Africa
bxl,Africa
bxm,Asia
bxn,Oceania
bxp,Africa
bxq,Africa
bxr,Asia
bxs,Africa
bxu,Asia
bxv,Africa
bxw,Africa
bxz,Oceania
bya,Asia
byb,Africa
byc,Africa
byd,Asia
bye,Oceania
byf,Africa
byg,Africa
byh,Asia
byi,Africa
byj,Africa
byk,Asia
byl,Asia
bym,Oceania
byn,Africa
byo,Asia
byp,Africa
byq,Asia
byr,Oceania
bys,Africa
byt,Africa
byv,Africa
byw,Asia
byx,Oceania
byz,Oceania
bza,Africa
bzb,Asia
bzd,North America
bze,Africa
bzf,Oceania
bzg,Asia
bzh,Oceania
bzi,Asia
bzj,North America
bzk,North America
bzl,Asia
bzm,Africa
bzn,Asia
bzo,Africa
bzp,Asia
bzq,Asia
bzr,Oceania
bzu,Asia
bzv,Africa
bzw,Africa
bzx,Africa
bzy,Africa
bzz,Africa
caa,North America
cab,North America
cac,North America
cad,North America
cae,Africa
caf,North America
cag,South America
cah,South America
cak,North America
cal,Oceania
cam,Oceania
can,Oceania
cao,South America
cap,South America
caq,Asia
car,South America
cas,South America
cat,Europe
cav,South America
cax,South America
cay,North America
caz,South America
cbb,South America
cbc,South America
cbd,South America
cbg,South America
cbi,South America
cbj,Africa
cbk,Asia
cbl,Asia
cbn,Asia
cbo,Africa
cbr,South America
cbs,South America
cbt,South America
cbu,South America
cbv,South America
ccc,South America
ccd,South America
cce,Africa
ccg,Africa
cch,Africa
ccj,Africa
ccl,Africa
ccm,Asia
cco,North America
ccp,Asia
ccr,North America
cda,Asia
cde,Asia
cdf,Asia
cdh,Asia
cdi,Asia
cdj,Asia
cdm,Asia
cdn,Asia
cdr,Africa
cdy,Asia
cdz,Asia
cea,North America
ceb,Asia
ceg,South America
cen,Africa
ces,Europe
cet,Africa
cfa,Africa
cfd,Africa
cfg,Africa
cfm,Asia
cga,Oceania
cgc,Asia
cgg,Africa
cgk,Asia
cha,Oceania
chc,North America
chd,North America
che,Asia
chf,North America
chg,Asia
chh,North America
chj,North America
chk,Oceania
chl,North America
chn,North America
cho,North America
chp,North America
chq,North America
chr,North America
cht,South America
chv,Europe
chw,Africa
chx,Asia
chy,North America
chz,North America
cia,Asia
cib,Africa
cic,North America
cid,North America
cie,Africa
cih,Asia
cik,Asia
cim,Europe
cin,South America
cip,North America
cir,Oceania
ciw,North America
ciy,South America
cja,Asia
cje,Asia
cjh,North America
cji,Europe
cjk,Africa
cjm,Asia
cjn,Oceania
cjo,South America
cjp,North America
cjs,Europe
cjv,Oceania
ckb,Asia
ckh,Asia
ckl,Africa
cko,Africa
ckq,Africa
ckr,Oceania
cks,Oceania
ckt,Europe
cku,North America
ckv,Asia
ckx,Africa
cky,Africa
cla,Africa
clc,North America
cld,Asia
cle,North America
clh,Asia
cli,Africa
clk,Asia
cll,Africa
clm,North America
clo,North America
clu,NA
clw,Europe
cly,North America
cma,Asia
cme,Africa
cmi,South America
cml,Asia
cmo,Asia
cmr,Asia
cna,Asia
cnb,Asia
cnc,Asia
cng,Asia
cnh,Asia
cni,South America
cnk,Asia
cnl,North America
cns,Asia
cnt,North America
cnu,Africa
cnw,Asia
cob,North America
coc,North America
cod,South America
coe,South America
cof,South America
cog,Asia
coh,Africa
coj,North America
cok,North America
col,North America
com,North America
con,South America
coo,North America
cop,Africa
coq,North America
cor,Europe
cos,Europe
cot,South America
cou,Africa
cov,Asia
cow,North America
cox,South America
coz,North America
cpa,North America
cpb,South America
cpc,South America
cpg,Europe
cpn,Africa
cps,Asia
cpu,South America
cpy,South America
cra,Africa
crc,Oceania
crd,North America
crf,South America
crh,Europe
cri,Africa
crj,North America
crk,North America
crl,North America
crm,North America
crn,North America
cro,North America
crq,South America
crs,Seven seas (open ocean)
crt,South America
crv,NA
crw,Asia
crx,North America
cry,Africa
crz,North America
csa,North America
csb,Europe
csh,Asia
csi,North America
csk,Africa
csm,North America
cso,North America
css,North America
cst,North America
csw,North America
csy,Asia
csz,North America
cta,North America
ctd,Asia
cte,North America
ctg,Asia
ctl,North America
ctm,North America
ctn,Asia
cto,South America
ctp,North America
cts,Asia
ctt,Asia
ctu,North America
ctz,North America
cua,Asia
cub,South America
cuc,North America
cug,Africa
cuh,Africa
cui,South America
cuj,South America
cuk,South America
cul,South America
cuo,South America
cup,North America
cuq,Asia
cur,Asia
cut,North America
cuu,Asia
cuv,Africa
cuw,Asia
cux,North America
cvg,Asia
cvn,North America
cwa,Africa
cwb,Africa
cwd,North America
cwe,Africa
cwg,Asia
cwt,Africa
cya,North America
cyb,South America
cym,South America
cyo,Asia
czn,North America
czt,Asia
daa,Africa
dac,Oceania
dad,Oceania
dae,Africa
dag,Africa
dah,Oceania
dai,Africa
daj,Africa
dak,North America
dal,Africa
dan,Europe
dao,Asia
daq,Asia
dar,Europe
das,Africa
dau,Africa
dav,Africa
daw,Asia
dax,Oceania
daz,Asia
dba,Africa
dbb,Africa
dbd,Africa
dbe,Asia
dbf,Asia
dbg,Africa
dbi,Africa
dbj,Asia
dbl,Oceania
dbm,Africa
dbn,NA
dbo,Africa
dbp,Africa
dbq,Africa
dbr,Africa
dbu,Africa
dby,Oceania
dcc,Asia
dcr,North America
ddd,Africa
dde,Africa
ddg,Asia
ddi,Oceania
ddj,Oceania
ddn,Africa
ddo,Asia
dds,Africa
ddw,NA
dec,Africa
ded,Oceania
dee,Africa
def,Asia
deg,Africa
deh,Asia
dei,Asia
dem,Asia
deq,Africa
der,Asia
des,South America
deu,Europe
dev,Oceania
dez,Africa
dga,Africa
dgb,Africa
dgc,Asia
dgd,Africa
dge,Oceania
dgg,Oceania
dgh,Africa
dgi,Africa
dgk,Africa
dgn,Oceania
dgo,Asia
dgr,North America
dgs,Africa
dgx,Oceania
dgz,Oceania
dhd,Asia
dhg,Oceania
dhi,Asia
dhl,Oceania
dhm,Africa
dhn,Asia
dho,Asia
dhr,Oceania
dhs,Africa
dhu,Oceania
dhv,Oceania
dhw,Asia
dia,Oceania
dib,Africa
dic,Africa
did,Africa
dif,Oceania
dig,Africa
dih,North America
dii,Africa
dij,NA
dik,Africa
dil,Africa
dim,Africa
dio,Africa
dip,Africa
diq,Asia
dir,Africa
dis,Asia
dit,Oceania
diu,Africa
div,Asia
diw,Africa
dix,Oceania
diy,Asia
diz,Africa
djb,Oceania
djc,Africa
djd,Oceania
dje,Africa
djf,Oceania
dji,Oceania
djj,Oceania
djk,Europe
djm,Africa
djn,Oceania
djo,Asia
djr,Oceania
dju,Oceania
djw,Oceania
dka,Asia
dkk,Asia
dkr,Asia
dks,Africa
dkx,Africa
dlg,Europe
dln,Asia
dma,Africa
dmc,Oceania
dme,Africa
dmg,Asia
dmk,Asia
dml,Asia
dmm,Africa
dmo,Africa
dmr,Asia
dms,Asia
dmu,Asia
dmv,Asia
dmx,Africa
dmy,Asia
dna,Asia
dnd,Oceania
dne,Africa
dng,Asia
dni,Asia
dnk,Asia
dnn,Africa
dnr,Oceania
dnt,Asia
dnu,Asia
dnw,Asia
dny,South America
doa,Oceania
dob,Oceania
doc,Asia
doe,Africa
dof,Oceania
doh,Africa
dok,Asia
dol,Oceania
don,Oceania
doo,Africa
dop,Africa
dor,Oceania
dos,Africa
dot,Africa
dov,Africa
dow,Africa
dox,Africa
doy,Africa
doz,Africa
dpp,Asia
drb,Africa
drd,Asia
dre,Asia
drg,Asia
dri,Africa
drl,Oceania
drn,Asia
dro,Asia
drq,Asia
drs,Africa
dru,Asia
dry,Asia
dsb,Europe
dsh,Africa
dsi,Africa
dsn,Asia
dsq,Africa
dta,Asia
dtb,Asia
dti,Africa
dtk,Africa
dtm,Africa
dtp,Asia
dtr,Asia
dts,Africa
dtt,Africa
dtu,Africa
dua,Africa
dub,Asia
duc,Oceania
dud,Africa
due,Asia
duf,Oceania
dug,Africa
duh,Asia
dui,Oceania
duk,Oceania
dul,Asia
dun,Asia
duo,Asia
duq,Asia
dur,Africa
dus,Asia
duu,Asia
duv,Asia
duw,Asia
dux,Africa
duy,Asia
duz,Africa
dva,Oceania
dwa,Africa
dww,Oceania
dya,Africa
dyb,Oceania
dyd,Oceania
dyi,Africa
dym,Africa
dyn,Oceania
dyo,Africa
dyu,Africa
dyy,Oceania
dza,Africa
dzg,Africa
dzl,Asia
dzn,Africa
dzo,Asia
ebg,Africa
ebo,Africa
ebr,Africa
ebu,Africa
eee,Asia
efa,Africa
efe,Africa
efi,Africa
ega,Africa
ego,Africa
ehu,Africa
eip,Asia
eit,Oceania
eiv,Oceania
eja,Africa
eka,Africa
eke,Africa
ekg,Asia
eki,Africa
ekm,Africa
eko,Africa
ekp,Africa
ekr,Africa
eky,Asia
ele,Oceania
elh,Africa
eli,Africa
elk,Oceania
ell,Europe
elm,Africa
elo,Africa
elu,Oceania
ema,Africa
emb,Asia
eme,South America
emg,Asia
emi,Oceania
emk,Africa
emn,Africa
emp,South America
ems,North America
emu,Asia
emw,Asia
ena,Oceania
enb,Africa
enc,Asia
end,Asia
enf,Europe
enh,Europe
enn,Africa
eno,Asia
enq,Oceania
enr,Asia
enu,Asia
env,Africa
enw,Africa
eot,Africa
epi,Africa
era,Asia
erg,Oceania
erh,Africa
eri,Oceania
erk,Oceania
ero,Asia
err,Oceania
ers,Asia
ert,Asia
erw,Asia
ese,South America
esh,Asia
esi,North America
esk,North America
esq,North America
ess,Europe
esu,North America
etb,Africa
etn,Oceania
eto,Africa
etr,Oceania
ets,Africa
etu,Africa
etx,Africa
etz,Asia
eus,Europe
eve,Europe
evh,Africa
evn,Asia
ewe,Africa
ewo,Africa
ext,Europe
eya,North America
eyo,Africa
eze,Africa
faa,Oceania
fab,NA
fad,Oceania
faf,Oceania
fag,Oceania
fai,Asia
faj,Oceania
fak,Africa
fal,Africa
fam,Africa
fan,Africa
fao,Europe
fap,Africa
far,Oceania
fau,Asia
fax,Europe
fay,Asia
fer,Africa
ffm,Africa
fgr,Africa
fia,Africa
fie,Africa
fij,Oceania
fil,Asia
fin,Europe
fip,Africa
fir,Africa
fit,Europe
fiw,Oceania
fkv,Europe
fla,North America
flh,Asia
fli,Africa
fll,Africa
fln,Oceania
flr,Africa
fmp,Africa
fmu,Asia
fni,Africa
fod,Africa
foi,Oceania
fon,Africa
for,Oceania
fos,Asia
fpe,Africa
fqs,Oceania
frc,North America
frd,Asia
frp,Europe
frq,Oceania
frr,Europe
frs,Europe
frt,Oceania
fry,Europe
fub,Africa
fuc,Africa
fud,Oceania
fue,Africa
fuf,Africa
fuh,Africa
fui,Africa
fuj,Africa
fun,South America
fuq,Africa
fur,Europe
fut,NA
fuu,Africa
fuv,Africa
fuy,Oceania
fvr,Africa
fwa,Oceania
fwe,Africa
gaa,Africa
gab,Africa
gad,Asia
gae,South America
gaf,Oceania
gag,Europe
gah,Oceania
gai,Oceania
gaj,Oceania
gak,Asia
gal,Asia
gam,Oceania
gao,Oceania
gap,Oceania
gaq,Asia
gar,Oceania
gas,Asia
gat,Oceania
gau,Asia
gaw,Oceania
gax,Africa
gay,Asia
gaz,Africa
gbb,Oceania
gbd,Oceania
gbe,Oceania
gbf,Oceania
gbg,Africa
gbh,Africa
gbi,Asia
gbj,Asia
gbk,Asia
gbl,Asia
gbm,Asia
gbn,Africa
gbo,Africa
gbp,Africa
gbq,Africa
gbr,Africa
gbs,Africa
gbu,Oceania
gbv,Africa
gbx,Africa
gby,Africa
gbz,Asia
gcc,Oceania
gcd,Oceania
gce,North America
gcf,North America
gcl,North America
gcn,Oceania
gcr,South America
gda,Asia
gdb,Asia
gdc,Oceania
gdd,Oceania
gde,Africa
gdf,Africa
gdg,Asia
gdh,Oceania
gdi,Africa
gdj,Oceania
gdk,Africa
gdl,Africa
gdm,Africa
gdn,Oceania
gdo,Europe
gdq,Asia
gdr,Oceania
gdu,Africa
gdx,Asia
gea,Africa
geb,Oceania
gec,Africa
ged,Africa
geh,North America
gei,Asia
gej,Africa
gek,Africa
gel,Africa
geq,Africa
ges,Asia
gew,Africa
gex,Africa
gey,Africa
gez,Africa
gfk,Oceania
gga,Oceania
ggb,Africa
ggd,Oceania
gge,Oceania
ggg,Asia
ggk,Oceania
ggl,Oceania
ggt,Oceania
ggu,Africa
ggw,Oceania
gha,Africa
ghe,Asia
ghh,Asia
ghk,Asia
ghl,Africa
ghn,Oceania
gho,Africa
ghr,Asia
ghs,Oceania
ght,Asia
gia,Oceania
gid,Africa
gig,Asia
gil,Oceania
gim,Oceania
gin,Asia
gip,Oceania
giq,Asia
gir,Asia
gis,Africa
git,North America
giw,Asia
gix,Africa
giz,Africa
gji,Africa
gjk,Asia
gjn,Africa
gju,Asia
gka,Oceania
gke,Africa
gkn,Africa
gkp,Africa
gla,Europe
glc,Africa
gld,Asia
gle,Europe
glg,Europe
glh,Asia
glj,Africa
glk,Asia
glo,Africa
glr,Africa
glu,Africa
glv,Europe
glw,Africa
gly,Africa
gma,Oceania
gmb,NA
gmd,Africa
gmm,Africa
gmn,Africa
gmu,Oceania
gmx,Africa
gna,Africa
gnb,Asia
gnd,Africa
gne,Africa
gng,Africa
gnh,Africa
gni,Oceania
gnk,Africa
gnl,Oceania
gnm,Oceania
gnn,Oceania
gno,Asia
gnq,Asia
gnr,Oceania
gnt,Oceania
gnu,Oceania
gnw,South America
gnz,Africa
goa,Africa
gob,South America
goc,Oceania
god,Africa
goe,Asia
gog,Africa
goi,Oceania
gol,Africa
gom,Asia
goo,Oceania
gop,Asia
goq,Asia
gor,Asia
gos,Europe
gou,Africa
gow,Africa
gox,Africa
goy,Africa
goz,Asia
gpa,Africa
gpn,Oceania
gqa,Africa
gqi,Asia
gqr,Africa
gra,Asia
grc,Europe
grd,Africa
grg,Oceania
grh,Africa
gri,Oceania
grj,Africa
grm,Asia
gro,Asia
grq,Oceania
grr,Africa
grs,Asia
grt,Asia
gru,Africa
grv,Africa
grw,Oceania
grx,Oceania
gry,Africa
grz,Oceania
gsl,Africa
gsn,Oceania
gso,Africa
gsp,Oceania
gsw,Europe
gta,South America
gua,Africa
guc,South America
gud,Africa
gue,Oceania
guf,Oceania
gug,South America
guh,South America
gui,South America
guj,Africa
guk,Africa
gul,North America
gum,South America
gun,South America
guo,South America
gup,Oceania
guq,South America
gur,Africa
gut,North America
guu,South America
guw,Africa
gux,Africa
guz,Africa
gva,South America
gvc,South America
gve,Oceania
gvf,Oceania
gvj,South America
gvl,Africa
gvm,Africa
gvn,Oceania
gvo,South America
gvp,South America
gvr,Asia
gvs,NA
gvy,Oceania
gwa,Africa
gwb,Africa
gwc,Asia
gwd,Africa
gwe,Africa
gwf,Asia
gwg,Africa
gwi,North America
gwj,Africa
gwn,Africa
gwr,Africa
gwt,Asia
gwu,Oceania
gww,Oceania
gwx,Africa
gxx,Africa
gya,Africa
gyb,Oceania
gyd,Oceania
gye,Africa
gyf,Oceania
gyg,Africa
gyi,Africa
gyl,Africa
gym,North America
gyn,South America
gyr,South America
gyy,Oceania
gza,Africa
gzi,Asia
gzn,Asia
haa,North America
hac,Asia
had,Asia
hae,Africa
hag,Africa
hah,Oceania
haj,Asia
hal,Asia
ham,Oceania
han,Africa
hao,Oceania
hap,Asia
haq,Africa
har,Africa
has,North America
hat,North America
hau,Africa
hav,Africa
haw,North America
hax,North America
hay,Africa
haz,Asia
hba,Africa
hbb,Africa
hbn,Africa
hbo,Asia
hbu,Asia
hca,Asia
hch,North America
hdn,North America
hdy,Africa
hea,Asia
heb,Asia
hed,Africa
heg,Asia
heh,Africa
hei,North America
hem,Africa
her,Africa
hgm,Africa
hgw,Oceania
hhi,Oceania
hhr,Africa
hhy,Oceania
hia,Africa
hib,South America
hid,North America
hif,Oceania
hig,Africa
hih,Oceania
hii,Asia
hij,Africa
hik,Asia
hil,Asia
hio,Africa
hiw,NA
hix,South America
hka,Africa
hke,Africa
hkk,Oceania
hla,Oceania
hlb,Asia
hld,Asia
hle,Asia
hma,Asia
hmb,Africa
hmc,Asia
hmd,Asia
hme,Asia
hmf,Asia
hmg,Asia
hmh,Asia
hmi,Asia
hmj,Asia
hml,Asia
hmm,Asia
hmp,Asia
hmq,Asia
hmr,Asia
hms,Asia
hmt,Oceania
hmu,Asia
hmv,Asia
hmw,Asia
hmy,Asia
hmz,Asia
hna,Africa
hnd,Asia
hne,Asia
hnh,Africa
hni,Asia
hnj,Asia
hnn,Asia
hno,Asia
hns,South America
hnu,Asia
hoa,Oceania
hob,Oceania
hoc,Asia
hod,Africa
hoe,Africa
hoh,Asia
hoi,North America
hoj,Asia
hol,Africa
hom,Africa
hoo,Africa
hop,North America
hor,Africa
hot,Oceania
hov,Asia
how,Asia
hoy,Asia
hoz,Africa
hpo,Asia
hra,Asia
hre,Asia
hrk,Asia
hrm,Asia
hro,Asia
hrt,Asia
hru,Asia
hrx,South America
hrz,Asia
hsb,Europe
hss,Asia
hti,Asia
hto,South America
hts,Africa
htu,Asia
hub,South America
huc,Africa
hud,Asia
hue,North America
huf,Oceania
hug,South America
huh,South America
hui,Oceania
huj,Asia
huk,Asia
hul,Oceania
hum,Africa
hun,Europe
huo,Asia
hup,North America
huq,Asia
hur,North America
hus,North America
hut,Asia
huu,South America
huv,North America
huw,Asia
hux,South America
huz,Asia
hve,North America
hvk,Oceania
hvn,Asia
hvv,North America
hwa,Africa
hwc,North America
hwo,Africa
hya,Africa
hye,Asia
iai,Oceania
ian,Oceania
iar,Oceania
iba,Asia
ibb,Africa
ibd,Oceania
ibe,Africa
ibg,Asia
ibl,Asia
ibm,Africa
ibn,Africa
ibo,Africa
ibr,Africa
ibu,Asia
iby,Africa
ica,Africa
ich,Africa
icr,NA
ida,Africa
idb,Asia
idc,Africa
idd,Africa
ide,Africa
idi,Oceania
idr,Africa
idt,Asia
idu,Africa
ifa,Asia
ifb,Asia
ife,Africa
iff,Oceania
ifk,Asia
ifm,Africa
ifu,Asia
ify,Asia
igb,Africa
ige,Africa
igg,Oceania
igl,Africa
igm,Oceania
ign,South America
igo,Oceania
igw,Africa
ihp,Asia
iii,Asia
ijc,Africa
ije,Africa
ijj,Africa
ijn,Africa
ijs,Africa
ike,North America
iki,Africa
ikk,Africa
ikl,Africa
iko,Africa
ikp,Africa
ikt,North America
ikv,Africa
ikw,Africa
ikx,Africa
ikz,Africa
ila,Asia
ilb,Africa
ilg,Oceania
ili,Asia
ilk,Asia
ilo,Asia
ilu,Asia
ilv,Africa
ima,Asia
imi,Oceania
imn,Oceania
imo,Oceania
imr,Asia
inb,South America
ing,North America
inh,Asia
inj,South America
inn,Asia
ino,Oceania
inp,South America
int,Asia
inz,North America
ior,Africa
iou,Oceania
iow,North America
ipi,Oceania
ipo,Oceania
iqu,South America
ire,Asia
irh,Asia
iri,Africa
irk,Africa
irn,South America
iru,Asia
irx,Asia
iry,Asia
isa,Oceania
isc,South America
isd,Asia
ish,Africa
isi,Africa
isl,Europe
ism,Asia
isn,Africa
iso,Africa
ist,Europe
isu,Africa
ita,Europe
itb,Asia
ite,South America
iti,Asia
itl,Europe
itm,Africa
ito,South America
itr,Oceania
its,Africa
itt,Asia
itv,Asia
itw,Africa
itx,Asia
ity,Asia
itz,North America
ium,Asia
ivb,Asia
ivv,Asia
iwk,Asia
iwm,Oceania
iwo,Asia
iws,Oceania
ixc,North America
ixl,North America
iya,Africa
iyo,Africa
iyx,Africa
izh,Europe
izr,Africa
jaa,South America
jab,Africa
jac,North America
jad,Africa
jae,Oceania
jaf,Africa
jah,Asia
jaj,Oceania
jal,Asia
jam,North America
jao,Oceania
jaq,Asia
jas,Oceania
jat,Asia
jau,Asia
jav,Asia
jay,Oceania
jaz,Oceania
jbj,Asia
jbn,Africa
jbr,Asia
jbt,South America
jbu,Africa
jda,Asia
jdg,Asia
jdt,Asia
jeb,South America
jee,Asia
jeh,Asia
jei,Asia
jek,Africa
jel,Asia
jen,Africa
jer,Africa
jet,Asia
jeu,Africa
jgb,Africa
jgo,Africa
jhi,Asia
jia,Africa
jib,Africa
jic,North America
jid,Africa
jie,Africa
jig,Oceania
jih,Asia
jii,Africa
jil,Oceania
jim,Africa
jio,Asia
jiq,Asia
jit,Africa
jiu,Asia
jiv,South America
jiy,Asia
jko,Oceania
jku,Africa
jle,Africa
jma,Oceania
jmb,Africa
jmc,Africa
jmd,Asia
jmi,Africa
jml,Asia
jmn,Asia
jmr,Africa
jms,Africa
jmx,North America
jna,Asia
jnd,Asia
jng,Oceania
jni,Africa
jnj,Africa
jnl,Asia
jns,Asia
job,Africa
jod,Africa
jor,South America
jow,Africa
jpn,Asia
jqr,South America
jra,Asia
jrr,Africa
jru,South America
jua,South America
jub,Africa
jud,Africa
juh,Africa
juk,Africa
jul,Asia
jum,Africa
jun,Asia
juo,Africa
jup,South America
jur,South America
juu,Africa
juw,Africa
juy,Asia
jvd,Asia
jvn,Europe
jwi,Africa
jyy,Africa
kaa,Asia
kab,Africa
kac,Asia
kad,Africa
kae,Asia
kaf,Asia
kag,Asia
kah,Africa
kai,Africa
kaj,Africa
kak,Asia
kal,North America
kam,Africa
kan,Asia
kao,Africa
kap,Asia
kaq,South America
kas,Asia
kat,Asia
kax,Asia
kay,South America
kaz,Asia
kba,Oceania
kbb,South America
kbc,South America
kbd,Europe
kbe,Oceania
kbg,Asia
kbh,South America
kbi,Asia
kbj,Africa
kbk,Oceania
kbl,Africa
kbm,Oceania
kbn,Africa
kbo,Africa
kbp,Africa
kbq,Oceania
kbr,Africa
kbs,Africa
kbt,Oceania
kbu,Asia
kbv,Asia
kbw,Oceania
kbx,Oceania
kby,Africa
kbz,Africa
kca,Europe
kcb,Oceania
kcc,Africa
kcd,Asia
kcf,Africa
kcg,Africa
kci,Africa
kcj,Africa
kck,Africa
kcl,Oceania
kcm,Africa
kcn,Africa
kco,Oceania
kcp,Africa
kcq,Africa
kcr,Africa
kcs,Africa
kct,Oceania
kcu,Africa
kcv,Africa
kcw,Africa
kcx,Africa
kcy,Africa
kcz,Africa
kda,Oceania
kdc,Africa
kdd,Oceania
kde,Africa
kdf,Oceania
kdg,Africa
kdh,Africa
kdi,Africa
kdj,Africa
kdk,Oceania
kdl,Africa
kdm,Africa
kdn,Africa
kdp,Africa
kdq,Asia
kdr,Europe
kdt,Asia
kdu,Africa
kdw,Asia
kdx,Africa
kdy,Asia
kdz,Africa
kea,Africa
keb,Africa
kec,Africa
ked,Africa
kee,North America
kef,Africa
keg,Africa
kei,Asia
kej,Asia
kek,North America
kem,Asia
ken,Africa
keo,Africa
kep,Asia
keq,Asia
ker,Africa
kes,Africa
ket,Europe
keu,Africa
kev,Asia
kew,Oceania
key,Asia
kez,Africa
kfa,Asia
kfb,Asia
kfc,Asia
kfd,Asia
kfe,Asia
kff,Asia
kfg,Asia
kfh,Asia
kfk,Asia
kfl,Africa
kfm,Asia
kfn,Africa
kfo,Africa
kfp,Asia
kfq,Asia
kfr,Asia
kfs,Asia
kft,Asia
kfu,Asia
kfv,Asia
kfw,Asia
kfx,Asia
kfy,Asia
kfz,Africa
kga,Africa
kgb,Asia
kge,Asia
kgf,Oceania
kgg,Asia
kgj,Asia
kgk,South America
kgl,Oceania
kgn,Asia
kgo,Africa
kgp,South America
kgq,Asia
kgr,Asia
kgs,Oceania
kgt,Africa
kgu,Oceania
kgv,NA
kgx,Asia
kgy,Asia
kha,Asia
khb,Asia
khc,Asia
khd,Asia
khe,Asia
khf,Asia
khg,Asia
khh,Asia
khj,Africa
khk,Asia
khl,Oceania
khm,Asia
khn,Asia
khp,Asia
khq,Africa
khr,Asia
khs,Oceania
kht,Asia
khu,Africa
khv,Europe
khw,Asia
khx,Africa
khy,Africa
khz,Oceania
kia,Africa
kib,Africa
kic,North America
kid,Africa
kie,Africa
kif,Asia
kig,Asia
kih,Oceania
kii,North America
kij,Oceania
kik,Africa
kil,Africa
kim,Europe
kin,Africa
kio,North America
kip,Asia
kiq,Asia
kir,Asia
kis,Oceania
kit,Oceania
kiu,Asia
kiv,Africa
kiw,Oceania
kix,Asia
kiy,Asia
kiz,Africa
kja,Asia
kjb,North America
kjc,Asia
kjd,Oceania
kje,NA
kjg,Asia
kjh,Asia
kji,Oceania
kjj,Asia
kjk,Asia
kjl,Asia
kjm,Asia
kjn,Oceania
kjo,Asia
kjp,Asia
kjq,North America
kjr,Asia
kjs,Oceania
kjt,Asia
kjx,Oceania
kjy,Oceania
kjz,Asia
kka,Africa
kkb,Asia
kkc,Oceania
kkd,Africa
kke,Africa
kkf,Asia
kkg,Asia
kkh,Asia
kki,Africa
kkj,Africa
kkk,Oceania
kkl,Asia
kkm,Africa
kko,Africa
kkp,Oceania
kkq,Africa
kkr,Africa
kks,Africa
kkt,Asia
kkv,Asia
kkw,Africa
kkx,Asia
kky,Oceania
kkz,North America
kla,North America
klb,North America
klc,Africa
kld,Oceania
kle,Asia
klf,Africa
klg,Asia
klh,Oceania
kli,Asia
klj,Asia
klk,Africa
kll,Asia
klm,Oceania
klo,Africa
klp,Oceania
klq,Oceania
klr,Asia
kls,Asia
klt,Oceania
klu,Africa
klv,Oceania
klw,Asia
klx,Oceania
kly,NA
klz,Asia
kma,Africa
kmb,Africa
kmc,Asia
kmd,Asia
kme,Africa
kmf,Oceania
kmg,Oceania
kmh,Oceania
kmi,Africa
kmj,Asia
kmk,Asia
kml,Asia
kmm,Asia
kmn,Oceania
kmo,Oceania
kmp,Africa
kmq,Africa
kmr,Asia
kms,Oceania
kmt,Asia
kmu,Oceania
kmv,South America
kmw,Africa
kmx,Oceania
kmy,Africa
kmz,Asia
kna,Africa
knb,Asia
knc,Africa
knd,Asia
kne,Asia
knf,Africa
kng,Africa
kni,Africa
knj,North America
knk,Africa
knl,Asia
knm,South America
knn,Asia
kno,Africa
knp,Africa
knq,Asia
knr,Oceania
kns,Asia
knt,South America
knu,Africa
knv,Oceania
knw,Africa
knx,Asia
kny,Africa
knz,Africa
koa,Oceania
koc,Africa
kod,Asia
koe,Africa
kof,Africa
kog,South America
koh,Africa
koi,Europe
kol,Oceania
koo,Africa
kop,Oceania
koq,Africa
kor,Asia
kos,Oceania
kot,Africa
kou,Africa
kov,Africa
kow,Africa
koy,North America
koz,Oceania
kpa,Africa
kpb,Asia
kpc,South America
kpd,Asia
kpf,Oceania
kpg,NA
kph,Africa
kpi,Asia
kpj,South America
kpk,Africa
kpl,Africa
kpm,Asia
kpn,South America
kpo,Africa
kpq,Asia
kpr,Oceania
kps,Asia
kpt,Europe
kpu,Asia
kpv,Europe
kpw,Oceania
kpx,Oceania
kpy,Europe
kpz,Africa
kqa,Oceania
kqb,Oceania
kqc,Oceania
kqd,Asia
kqe,Asia
kqf,Oceania
kqg,Africa
kqi,Oceania
kqj,Oceania
kqk,Africa
kql,Oceania
kqm,Africa
kqn,Africa
kqo,Africa
kqp,Africa
kqq,South America
kqr,Asia
kqs,Africa
kqt,Asia
kqu,Africa
kqv,Asia
kqw,Oceania
kqx,Africa
kqy,Africa
kqz,Africa
kra,Asia
krc,Asia
krd,Asia
kre,South America
krf,Oceania
krh,Africa
kri,Africa
krj,Asia
krk,Europe
krl,Europe
krn,Africa
krp,Africa
krr,Asia
krs,Africa
krt,Africa
kru,Asia
krv,Asia
krw,Africa
krx,Africa
kry,Asia
krz,Asia
ksb,Africa
ksc,Asia
ksd,Oceania
kse,Oceania
ksf,Africa
ksg,Oceania
ksh,Europe
ksi,Oceania
ksj,Oceania
ksk,North America
ksl,Oceania
ksm,Africa
ksn,Asia
ksp,Africa
ksq,Africa
ksr,Oceania
kss,Africa
kst,Africa
ksu,Asia
ksv,Africa
ksw,Asia
ksx,Asia
ksy,Asia
ksz,Asia
kta,Asia
ktb,Africa
ktc,Africa
ktd,Oceania
kte,Asia
ktf,Africa
ktg,Oceania
kth,Africa
kti,Asia
ktj,Africa
ktm,Oceania
ktn,South America
kto,Oceania
ktp,Asia
kts,Asia
ktt,Asia
ktu,Africa
ktv,Asia
ktw,North America
ktx,South America
kty,Africa
ktz,Africa
kua,Africa
kub,Africa
kuc,Asia
kud,Oceania
kue,Oceania
kuf,Asia
kug,Africa
kuh,Africa
kui,South America
kuj,Africa
kuk,Asia
kul,Africa
kum,Europe
kun,Africa
kuo,Oceania
kup,Oceania
kuq,South America
kus,Africa
kut,North America
kuu,North America
kuv,NA
kuw,Africa
kux,Oceania
kuy,Oceania
kuz,South America
kva,Europe
kvc,Oceania
kvd,Asia
kve,Asia
kvf,Africa
kvg,Asia
kvh,Asia
kvi,Africa
kvj,Africa
kvl,Asia
kvm,Africa
kvn,South America
kvo,Asia
kvp,Asia
kvq,Asia
kvu,Asia
kvv,Asia
kvw,Asia
kvx,Asia
kvy,Asia
kvz,Asia
kwa,South America
kwb,Africa
kwc,Africa
kwd,Oceania
kwe,Asia
kwf,Oceania
kwg,Africa
kwh,Asia
kwi,South America
kwj,Oceania
kwk,North America
kwl,Africa
kwm,Africa
kwn,Africa
kwo,Oceania
kwp,Africa
kwr,Asia
kws,Africa
kwt,Asia
kwu,Africa
kwv,Africa
kww,South America
kwx,Asia
kwy,Africa
kwz,Africa
kxa,Oceania
kxb,Africa
kxc,Africa
kxf,Asia
kxh,Africa
kxi,Asia
kxj,Africa
kxk,Asia
kxl,Asia
kxm,Asia
kxn,Asia
kxo,South America
kxp,Asia
kxq,Asia
kxr,Oceania
kxs,Asia
kxt,Oceania
kxu,Asia
kxv,Asia
kxw,Oceania
kxx,Africa
kxy,Asia
kxz,Oceania
kya,Africa
kyb,Asia
kyc,Oceania
kyd,Asia
kye,Africa
kyf,Africa
kyg,Oceania
kyh,North America
kyi,Asia
kyj,Asia
kyk,Asia
kyl,North America
kyn,Asia
kyo,Asia
kyq,Africa
kyr,South America
kys,Asia
kyt,Asia
kyu,Asia
kyw,Asia
kyx,Oceania
kyy,Oceania
kyz,South America
kza,Africa
kzb,Asia
kzc,Africa
kzd,Asia
kzf,Asia
kzg,NA
kzi,Asia
kzk,Oceania
kzl,Asia
kzm,Asia
kzn,Africa
kzo,Africa
kzp,Asia
kzq,Asia
kzr,Africa
kzs,Asia
kzu,Asia
kzv,Asia
kzx,Asia
kzy,Africa
kzz,Asia
laa,Asia
lac,North America
lad,Asia
lae,Asia
laf,Africa
lag,Africa
lai,Africa
laj,Africa
lak,Africa
lam,Africa
lan,Africa
lao,Asia
lap,Africa
laq,Asia
lar,Africa
las,Africa
lat,Europe
law,Asia
lax,Asia
laz,Oceania
lbb,Oceania
lbc,Asia
lbe,Europe
lbf,Asia
lbj,Asia
lbm,Asia
lbn,Asia
lbo,Asia
lbq,Oceania
lbr,Asia
lbt,Asia
lbu,Oceania
lbv,Oceania
lbw,Asia
lbx,Asia
lby,Oceania
lbz,Oceania
lcc,Asia
lcd,Asia
lch,Africa
lcl,Asia
lcm,Oceania
lcp,Asia
lcq,Asia
lcs,Asia
ldb,Africa
ldd,Africa
ldg,Africa
ldh,Africa
ldi,Africa
ldj,Africa
ldk,Africa
ldl,Africa
ldm,Africa
ldo,Africa
ldp,Africa
ldq,Africa
lea,Africa
leb,Africa
lec,South America
led,Africa
lee,Africa
lef,Africa
leh,Africa
lei,Oceania
lej,Africa
lek,Oceania
lel,Africa
lem,Africa
leo,Africa
lep,Asia
leq,Oceania
ler,Oceania
les,Africa
let,Oceania
leu,Oceania
lev,Asia
lew,Asia
lex,Asia
ley,Asia
lez,Asia
lfa,Africa
lga,Oceania
lgb,Oceania
lgg,Africa
lgh,Asia
lgi,Asia
lgk,Oceania
lgl,Oceania
lgm,Africa
lgn,Africa
lgq,Africa
lgr,Oceania
lgt,Oceania
lgu,Oceania
lgz,Africa
lha,Asia
lhh,Asia
lhi,Asia
lhl,Asia
lhm,Asia
lhn,Asia
lhp,Asia
lhs,Asia
lht,NA
lhu,Asia
lia,Africa
lib,Oceania
lic,Asia
lid,Oceania
lie,Africa
lif,Asia
lig,Africa
lih,Oceania
lij,Europe
lik,Africa
lil,North America
lim,Europe
lin,Africa
lio,NA
lip,Africa
liq,Africa
lis,Asia
lit,Europe
liu,Africa
liv,Europe
lix,Asia
liy,Africa
liz,Africa
lje,Asia
lji,Asia
ljl,Asia
ljp,Asia
lka,Asia
lkb,Africa
lkc,Asia
lkd,South America
lke,Africa
lkh,Asia
lki,Asia
lkj,Asia
lkl,Oceania
lkn,Oceania
lko,Africa
lkr,Africa
lks,Africa
lkt,North America
lky,Africa
lla,Africa
llb,Africa
llc,Africa
lld,Europe
lle,Oceania
llg,Asia
llh,Asia
lli,Africa
llk,Asia
lll,Oceania
llm,Asia
lln,Africa
llp,Oceania
llq,Asia
llu,Oceania
llx,Oceania
lma,Africa
lmb,Oceania
lmc,Oceania
lmd,Africa
lme,Africa
lmf,Asia
lmg,Oceania
lmi,Africa
lmj,Asia
lmk,Asia
lml,Oceania
lmn,Asia
lmo,Europe
lmp,Africa
lmq,Asia
lmr,Asia
lmu,Oceania
lmv,Oceania
lmw,North America
lmx,Africa
lmy,Asia
lna,Africa
lnd,Asia
lnh,Asia
lni,Oceania
lnj,Oceania
lnl,Africa
lnm,Oceania
lnn,Oceania
lno,Africa
lns,Africa
lnu,Africa
loa,Asia
lob,Africa
loc,Asia
loe,Asia
lof,Africa
log,Africa
loh,Africa
loi,Africa
loj,NA
lok,Africa
lol,Africa
lom,Africa
lon,Africa
loo,Africa
lop,Africa
loq,Africa
lor,Africa
los,Oceania
lot,Africa
lou,North America
low,Asia
lox,Asia
loy,Asia
loz,Africa
lpa,Oceania
lpe,Asia
lpn,Asia
lpo,Asia
lpx,Africa
lra,Asia
lrc,Asia
lrg,Oceania
lri,Africa
lrl,Asia
lrm,Africa
lrn,Asia
lro,Africa
lrr,Asia
lrt,Asia
lrv,Oceania
lsa,Asia
lsd,Asia
lse,Africa
lsh,Asia
lsi,Asia
lsm,Africa
lsr,Oceania
lss,Asia
lti,NA
ltn,South America
lto,Africa
lts,Africa
ltu,Asia
ltz,Europe
lua,Africa
lub,Africa
luc,Africa
lud,Europe
lue,Africa
luf,Oceania
lug,Africa
lui,North America
luj,Africa
luk,Asia
lul,Africa
lum,Africa
lun,Africa
luo,Africa
lup,Africa
lus,Asia
lut,North America
luv,Asia
luw,Africa
luz,Asia
lva,Asia
lvk,Oceania
lvu,Asia
lwa,Africa
lwe,Asia
lwg,Africa
lwh,Asia
lwl,Asia
lwm,Asia
lwo,Africa
lwt,Asia
lww,Oceania
lya,Asia
lyg,Asia
lyn,Africa
lzl,Oceania
lzn,Asia
lzz,Asia
maa,North America
mab,North America
mad,Asia
mae,Africa
maf,Africa
mag,Asia
mah,Oceania
mai,Asia
maj,North America
mak,Asia
mal,Asia
mam,North America
maq,North America
mar,Asia
mas,Africa
mat,North America
mau,North America
mav,South America
maw,Africa
maz,North America
mba,Asia
mbb,Asia
mbc,South America
mbd,Asia
mbe,North America
mbf,Asia
mbh,Oceania
mbi,Asia
mbj,South America
mbk,Oceania
mbl,South America
mbm,Africa
mbn,South America
mbo,Africa
mbp,South America
mbq,Oceania
mbr,South America
mbs,Asia
mbt,Asia
mbu,Africa
mbv,Africa
mbw,Oceania
mbx,Oceania
mby,Asia
mbz,North America
mca,South America
mcb,South America
mcc,Oceania
mcd,South America
mce,North America
mcf,South America
mcg,South America
mch,South America
mci,Oceania
mcj,Africa
mck,Africa
mcl,South America
mcm,Asia
mcn,Africa
mco,North America
mcp,Africa
mcq,Oceania
mcr,Oceania
mcs,Africa
mcu,Africa
mcv,Oceania
mcw,Africa
mcx,Africa
mcy,Oceania
mcz,Oceania
mda,Africa
mdb,Oceania
mdc,Oceania
mdd,Africa
mde,Africa
mdf,Europe
mdg,Africa
mdh,Asia
mdi,Africa
mdj,Africa
mdk,Africa
mdm,Africa
mdn,Africa
mdp,Africa
mdq,Africa
mdr,Asia
mds,Oceania
mdt,Africa
mdu,Africa
mdv,North America
mdw,Africa
mdx,Africa
mdy,Africa
mdz,South America
mea,Africa
meb,Oceania
mec,Oceania
med,Oceania
mee,Oceania
mef,Asia
meh,North America
mei,Africa
mej,Asia
mek,Oceania
mel,Asia
mem,Oceania
men,Africa
mep,Oceania
meq,Africa
mer,Africa
mes,Africa
met,Oceania
meu,Oceania
mev,Africa
mew,Africa
mey,Africa
mez,North America
mfc,Africa
mfd,Africa
mfe,Seven seas (open ocean)
mff,Africa
mfg,Africa
mfh,Africa
mfi,Africa
mfj,Africa
mfk,Africa
mfl,Africa
mfm,Africa
mfn,Africa
mfo,Africa
mfp,Asia
mfq,Africa
mfr,Oceania
mft,Oceania
mfu,Africa
mfv,Africa
mfw,Oceania
mfx,Africa
mfy,North America
mfz,Africa
mgb,Africa
mgc,Africa
mgd,Africa
mge,Africa
mgf,Asia
mgg,Africa
mgh,Africa
mgi,Africa
mgj,Africa
mgk,Asia
mgl,Oceania
mgm,Asia
mgn,Africa
mgo,Africa
mgp,Asia
mgq,Africa
mgr,Africa
mgs,Africa
mgt,Oceania
mgu,Oceania
mgv,Africa
mgw,Africa
mgy,Africa
mgz,Africa
mha,Asia
mhb,Africa
mhc,North America
mhe,Asia
mhf,Oceania
mhg,Oceania
mhi,Africa
mhj,Asia
mhk,Africa
mhl,Oceania
mhm,Africa
mhn,Europe
mho,Africa
mhp,Asia
mhq,North America
mhr,Europe
mhs,Asia
mht,South America
mhu,Asia
mhw,Africa
mhx,Asia
mhy,Asia
mhz,Asia
mia,North America
mib,North America
mic,North America
mid,Asia
mie,North America
mif,Africa
mig,North America
mih,North America
mii,North America
mij,Africa
mik,North America
mil,North America
mim,North America
mio,North America
mip,North America
miq,North America
mir,North America
mit,North America
miu,North America
miw,Oceania
mix,North America
miy,North America
miz,North America
mjc,North America
mjd,North America
mje,Africa
mjg,Asia
mjh,Africa
mji,Asia
mjj,Oceania
mjk,Oceania
mjl,Asia
mjm,Oceania
mjn,Oceania
mjo,Asia
mjp,Asia
mjq,Asia
mjr,Asia
mjs,Africa
mjt,Asia
mju,Asia
mjv,Asia
mjw,Asia
mjx,Asia
mjz,Asia
mka,Africa
mkb,Asia
mkc,Oceania
mkd,Europe
mke,Asia
mkf,Africa
mkg,Asia
mki,Asia
mkj,NA
mkk,Africa
mkl,Africa
mkm,Asia
mkn,Asia
mko,Africa
mkp,Oceania
mkr,Oceania
mks,North America
mkt,Oceania
mku,Africa
mkv,Oceania
mkw,Africa
mkx,Asia
mky,Asia
mkz,Asia
mla,Oceania
mlb,Africa
mlc,Asia
mle,Oceania
mlf,Asia
mlh,Oceania
mli,Asia
mlj,Africa
mlk,Africa
mll,Oceania
mlm,Asia
mln,Oceania
mlo,Africa
mlp,Oceania
mlq,Africa
mlr,Africa
mls,Africa
mlt,Europe
mlu,Oceania
mlv,Oceania
mlw,Africa
mlx,Oceania
mlz,Asia
mma,Africa
mmb,Asia
mmc,North America
mmd,Asia
mme,Oceania
mmf,Africa
mmg,Oceania
mmh,South America
mmi,Oceania
mmj,Asia
mmk,Asia
mml,Asia
mmm,Oceania
mmn,Asia
mmo,Oceania
mmp,Oceania
mmq,Oceania
mmr,Asia
mmt,Oceania
mmu,Africa
mmv,South America
mmw,NA
mmx,Oceania
mmy,Africa
mna,Oceania
mnb,Asia
mnc,Asia
mnd,South America
mne,Africa
mnf,Africa
mng,Asia
mnh,Africa
mni,Asia
mnj,Asia
mnk,Africa
mnl,Oceania
mnm,Oceania
mnn,Asia
mnq,Asia
mnr,North America
mns,Europe
mnu,Asia
mnv,Oceania
mnw,Asia
mnx,Asia
mny,Africa
mnz,Asia
moa,Africa
moc,South America
moe,North America
mog,Asia
moh,North America
moi,Africa
moj,Africa
mok,Asia
mom,North America
moo,Asia
mop,North America
moq,Asia
mor,Africa
mos,Africa
mot,South America
mou,Africa
mov,North America
mow,Africa
mox,Oceania
moy,Africa
moz,Africa
mpa,Africa
mpb,Oceania
mpc,Oceania
mpd,South America
mpe,Africa
mpg,Africa
mph,Oceania
mpi,Africa
mpj,Oceania
mpk,Africa
mpl,Oceania
mpm,North America
mpn,Oceania
mpo,Oceania
mpp,Oceania
mpq,South America
mpr,Oceania
mps,Oceania
mpt,Oceania
mpu,South America
mpv,Oceania
mpw,South America
mpx,NA
mpz,Asia
mqa,Asia
mqb,Africa
mqc,Asia
mqe,Oceania
mqf,Asia
mqh,North America
mqi,NA
mqj,Asia
mqk,Asia
mql,Africa
mqm,Oceania
mqn,Asia
mqo,Asia
mqp,Asia
mqq,Asia
mqr,Asia
mqs,Asia
mqt,Asia
mqu,Africa
mqv,Oceania
mqw,Oceania
mqx,Asia
mqy,Asia
mqz,Oceania
mra,Asia
mrb,Oceania
mrc,North America
mrd,Asia
mrf,Asia
mrg,Asia
mrh,Asia
mri,Oceania
mrj,Europe
mrk,Oceania
mrl,NA
mrm,NA
mrn,Oceania
mro,Asia
mrp,Oceania
mrq,Oceania
mrr,Asia
mrs,Oceania
mrt,Africa
mru,Africa
mrv,NA
mrw,Asia
mrx,Asia
mry,Asia
mrz,Asia
msb,Asia
msc,Africa
mse,Africa
msf,Asia
msg,Asia
msh,Africa
msj,Africa
msk,Asia
msl,Asia
msm,Asia
msn,Oceania
mso,Asia
msp,South America
msq,Oceania
mss,NA
msu,Oceania
msv,Africa
msw,Africa
msx,Oceania
msy,Oceania
msz,Oceania
mta,Asia
mtb,Africa
mtc,Oceania
mtd,Asia
mte,Oceania
mtf,Oceania
mtg,Asia
mth,Asia
mti,Oceania
mtj,Asia
mtk,Africa
mtl,Africa
mtn,North America
mto,North America
mtp,South America
mtq,Asia
mtr,Asia
mts,South America
mtt,NA
mtu,North America
mtv,Oceania
mtw,Asia
mtx,North America
mty,Oceania
mua,Africa
mub,Africa
muc,Africa
mug,Africa
muh,Africa
muj,Africa
muk,Asia
mum,Oceania
muo,Africa
mup,Asia
muq,Asia
mur,Africa
mus,North America
mut,Asia
muu,Africa
muv,Asia
mux,Oceania
muy,Africa
muz,Africa
mva,Oceania
mvb,North America
mvd,Asia
mve,Asia
mvf,Asia
mvg,North America
mvh,Africa
mvi,Asia
mvk,Oceania
mvl,Oceania
mvm,Asia
mvn,Oceania
mvo,Oceania
mvp,Asia
mvq,Oceania
mvr,Asia
mvs,Asia
mvt,Oceania
mvu,Africa
mvv,Asia
mvw,Africa
mvx,Asia
mvy,Asia
mvz,Africa
mwa,Oceania
mwb,Oceania
mwc,Oceania
mwe,Africa
mwf,Oceania
mwg,Oceania
mwh,Oceania
mwi,Oceania
mwk,Africa
mwl,Europe
mwm,Africa
mwn,Africa
mwo,Oceania
mwp,Oceania
mwq,Asia
mws,Africa
mwt,Asia
mwu,Africa
mwv,Asia
mww,Asia
mwz,Africa
mxa,North America
mxb,North America
mxc,Africa
mxd,Asia
mxe,Oceania
mxf,Africa
mxg,Africa
mxh,Africa
mxj,Asia
mxk,Oceania
mxl,Africa
mxm,Oceania
mxn,Asia
mxo,Africa
mxp,North America
mxq,North America
mxr,Asia
mxs,North America
mxt,North America
mxu,Africa
mxv,North America
mxw,Oceania
mxx,Africa
mxy,North America
mxz,NA
mya,Asia
myb,Africa
myc,Africa
mye,Africa
myf,Africa
myg,Africa
myh,North America
myj,Africa
myk,Africa
myl,Asia
mym,Africa
myo,Africa
myp,South America
myr,South America
mys,Africa
myu,South America
myv,Europe
myw,Oceania
myx,Africa
myy,South America
myz,Asia
mza,North America
mzb,Africa
mzd,Africa
mze,Oceania
mzh,South America
mzi,North America
mzj,Africa
mzk,Africa
mzl,North America
mzm,Africa
mzn,Asia
mzo,South America
mzp,South America
mzq,Asia
mzr,South America
mzs,Asia
mzt,Asia
mzu,Oceania
mzv,Africa
mzw,Africa
mzz,Oceania
naa,Asia
nab,South America
nac,Oceania
nae,Asia
naf,Oceania
nag,Asia
naj,Africa
nak,Oceania
nal,Oceania
nam,Oceania
nao,Asia
nap,Europe
naq,Africa
nar,Africa
nas,Oceania
nat,Africa
nau,Oceania
nav,North America
naw,Africa
nax,Oceania
nay,Oceania
naz,North America
nba,Africa
nbb,Africa
nbc,Asia
nbe,Asia
nbh,Africa
nbi,Asia
nbj,Oceania
nbk,Oceania
nbl,Africa
nbm,Africa
nbn,Asia
nbo,Africa
nbp,Africa
nbq,Asia
nbr,Africa
nbt,Asia
nbu,Asia
nbv,Africa
nbw,Africa
nby,Oceania
nca,Oceania
ncb,Asia
ncc,Oceania
ncd,Asia
nce,Oceania
ncf,Oceania
ncg,North America
nch,North America
ncj,North America
nck,Oceania
ncl,North America
ncm,Oceania
ncn,NA
nco,Oceania
ncr,Africa
nct,Asia
ncu,Africa
ncx,North America
ncz,North America
nda,Africa
ndb,Africa
ndc,Africa
ndd,Africa
nde,Africa
ndg,Africa
ndh,Africa
ndi,Africa
ndj,Africa
ndk,Africa
ndl,Africa
ndm,Africa
ndn,Africa
ndo,Africa
ndp,Africa
ndq,Africa
ndr,Africa
nds,Europe
ndt,Africa
ndu,Africa
ndv,Africa
ndw,Africa
ndx,Asia
ndy,Africa
ndz,Africa
neb,Africa
nec,Asia
nee,Oceania
neg,Europe
neh,Asia
nej,Oceania
nek,Oceania
nem,Oceania
nen,Oceania
neq,North America
ner,Asia
nes,Asia
net,Oceania
nev,Asia
new,Asia
nex,Oceania
ney,Africa
nez,North America
nfa,NA
nfd,Africa
nfl,NA
nfr,Africa
nfu,Africa
nga,Africa
ngb,Africa
ngc,Africa
ngd,Africa
nge,Africa
ngg,Africa
ngh,Africa
ngi,Africa
ngj,Africa
ngk,Oceania
ngl,Africa
ngn,Africa
ngo,Africa
ngp,Africa
ngq,Africa
ngr,Oceania
ngs,Africa
ngt,Asia
ngu,North America
ngv,Africa
ngw,Africa
ngx,Africa
ngy,Africa
ngz,Africa
nha,Oceania
nhb,Africa
nhc,North America
nhd,South America
nhe,North America
nhf,Oceania
nhg,North America
nhh,Asia
nhi,North America
nhk,North America
nhm,North America
nhn,North America
nho,NA
nhp,North America
nhq,North America
nhr,Africa
nht,North America
nhu,Africa
nhv,North America
nhw,North America
nhx,North America
nhy,North America
nhz,North America
nia,Asia
nib,Oceania
nid,Oceania
nie,Africa
nif,Oceania
nig,Oceania
nih,Africa
nii,Oceania
nij,Asia
nik,Asia
nil,Asia
nim,Africa
nin,Africa
nio,Europe
niq,Africa
nir,Asia
nis,Oceania
nit,Asia
niu,Oceania
niv,Europe
niw,Oceania
nix,Africa
niy,Africa
niz,Oceania
nja,Africa
njb,Asia
njh,Asia
nji,Oceania
njj,Africa
njl,Africa
njm,Asia
njn,Asia
njo,Asia
njr,Africa
njs,Asia
nju,Oceania
njx,Africa
njy,Africa
nka,Africa
nkb,Asia
nkc,Africa
nkd,Asia
nke,Oceania
nkg,Oceania
nkh,Asia
nki,Asia
nkj,Asia
nkk,Oceania
nkm,Oceania
nkn,Africa
nko,Africa
nkr,NA
nks,Asia
nkt,Africa
nku,Africa
nkv,Africa
nkw,Africa
nkx,Africa
nkz,Africa
nla,Africa
nlc,Asia
nld,North America
nle,Africa
nlg,Oceania
nli,Asia
nlj,Africa
nlk,Asia
nll,Asia
nlo,Africa
nlv,North America
nlx,Asia
nly,Oceania
nma,Asia
nmb,Oceania
nmc,Africa
nmd,Africa
nme,Asia
nmf,Asia
nmg,Africa
nmh,Asia
nmi,Africa
nmk,NA
nml,Africa
nmm,Asia
nmn,Africa
nmo,Asia
nmp,Oceania
nmq,Africa
nmr,Africa
nms,Oceania
nmt,NA
nmu,North America
nmv,Oceania
nmw,Oceania
nmx,Oceania
nmy,Asia
nmz,Africa
nna,Oceania
nnb,Africa
nnc,Africa
nnd,Oceania
nne,Africa
nnf,Oceania
nng,Asia
nnh,Africa
nni,Asia
nnj,Africa
nnk,Oceania
nnl,Asia
nnm,Oceania
nnn,Africa
nnp,Asia
nnq,Africa
nnt,North America
nnu,Africa
nnv,Oceania
nnw,Africa
nny,Oceania
nnz,Africa
noa,South America
noc,Oceania
nod,Asia
noe,Asia
nof,Oceania
nog,Europe
noh,Oceania
noi,Asia
nok,North America
nop,Oceania
noq,Africa
nor,Europe
nos,Asia
not,South America
nou,Oceania
now,Africa
noy,Africa
noz,Africa
npa,Asia
nph,Asia
npl,North America
npn,Oceania
npo,Asia
nps,Asia
npy,Asia
nqg,Africa
nqk,Africa
nqm,Asia
nqn,Oceania
nra,Africa
nrb,Africa
nre,Asia
nrg,Oceania
nri,Asia
nrl,Oceania
nrm,Asia
nrz,Oceania
nsa,Asia
nsd,Asia
nse,Africa
nsg,Africa
nsh,Africa
nsk,North America
nsm,Asia
nsn,NA
nso,Africa
nsq,North America
nss,Oceania
nst,Asia
nsu,North America
nsw,Oceania
nsx,Africa
nsy,Asia
nsz,North America
nte,Africa
nti,Africa
ntj,Oceania
ntk,Africa
ntm,Africa
nto,Africa
ntp,North America
ntr,Africa
ntw,North America
nty,Asia
ntz,Asia
nua,Oceania
nuc,South America
nud,Oceania
nuf,Asia
nug,Oceania
nuh,Africa
nui,Africa
nuj,Africa
nul,NA
num,NA
nun,Asia
nuo,Asia
nup,Africa
nuq,NA
nur,NA
nus,Africa
nut,Asia
nuu,Africa
nuv,Africa
nuw,NA
nux,Oceania
nuy,Oceania
nuz,North America
nvh,Oceania
nvm,Oceania
nwb,Africa
nwe,Africa
nwi,Oceania
nwm,Africa
nwr,Oceania
nxa,Asia
nxd,Africa
nxe,Asia
nxg,Asia
nxi,Africa
nxl,Asia
nxn,Oceania
nxr,Asia
nxx,Asia
nya,Africa
nyb,Africa
nyc,Africa
nyd,Africa
nye,Africa
nyf,Africa
nyg,Africa
nyh,Oceania
nyi,Africa
nyj,Africa
nyk,Africa
nyl,Asia
nym,Africa
nyn,Africa
nyo,Africa
nyp,Africa
nyq,Asia
nyr,Africa
nys,Oceania
nyt,Oceania
nyu,Africa
nyv,Oceania
nyx,Oceania
nyy,Africa
nza,Africa
nzb,Africa
nzi,Africa
nzk,Africa
nzm,Asia
nzy,Africa
oaa,Europe
oac,Europe
obi,North America
obl,Africa
obo,Asia
obu,Africa
oca,South America
oci,Europe
ocu,North America
odk,Asia
odu,Africa
ofu,Africa
ogb,Africa
ogc,Africa
ogg,Africa
ogo,Africa
ogu,Africa
oia,NA
oin,Oceania
ojb,North America
ojc,North America
ojg,North America
ojs,North America
ojv,NA
ojw,North America
oka,North America
okb,Africa
okd,Africa
oke,Africa
oki,Africa
okj,Asia
okk,Oceania
okn,NA
okr,Africa
oks,Africa
oku,Africa
okv,Oceania
okx,Africa
ola,Asia
old,Africa
ole,Asia
olm,Africa
olo,Europe
oma,North America
omb,Oceania
omg,South America
omi,Africa
oml,Africa
omo,Oceania
omt,Africa
omu,South America
omw,Oceania
ona,South America
onb,Asia
one,North America
ong,Oceania
oni,Asia
onj,Oceania
onk,Oceania
onn,Oceania
ono,North America
onp,Asia
onr,Oceania
ons,Oceania
onu,Oceania
ood,North America
oog,Asia
oon,Asia
oor,Africa
opa,Africa
opk,Asia
opm,Oceania
opo,Oceania
opt,North America
opy,South America
ora,Oceania
orc,Africa
ore,South America
org,Africa
orh,Asia
oro,Oceania
orr,Africa
ort,Asia
oru,Asia
orw,South America
orx,Africa
orz,Asia
osa,North America
osi,Asia
oso,Africa
oss,Asia
ost,Africa
osu,Oceania
otd,Asia
ote,North America
oti,South America
otl,North America
otm,North America
otn,North America
otq,North America
otr,Africa
ots,North America
ott,North America
otu,South America
otw,North America
otx,North America
otz,North America
oua,Africa
oub,Africa
oue,Oceania
oum,Oceania
owi,Oceania
oyb,Asia
oyd,Africa
oym,South America
oyy,Oceania
ozm,Africa
pab,South America
pac,Asia
pad,South America
pae,Africa
paf,South America
pag,Asia
pah,South America
pai,Africa
pak,South America
pam,Asia
pan,Asia
pao,North America
pap,North America
paq,Asia
par,North America
pas,Asia
pat,Oceania
pau,Oceania
pav,South America
paw,North America
pay,North America
paz,South America
pbb,South America
pbc,South America
pbe,North America
pbf,North America
pbg,South America
pbh,South America
pbi,Africa
pbl,Africa
pbn,Africa
pbo,Africa
pbp,Africa
pbr,Africa
pbs,North America
pbt,Asia
pbu,Asia
pbv,Asia
pby,Asia
pca,North America
pcb,Asia
pcc,Asia
pcd,Europe
pce,Asia
pcf,Asia
pcg,Asia
pci,Asia
pcj,Asia
pck,Asia
pcl,Asia
pcm,Africa
pcn,Africa
pcp,South America
pcw,Africa
pda,Oceania
pdc,North America
pdi,Asia
pdn,Asia
pdo,Asia
pdt,North America
pdu,Asia
pea,Asia
peb,North America
ped,Oceania
pee,Asia
pef,North America
peg,Asia
peh,Asia
pei,North America
pej,North America
pek,Oceania
pem,Africa
pep,Oceania
peq,North America
pes,Asia
pev,South America
pex,Oceania
pey,Asia
pez,Asia
pfa,NA
pfe,Africa
pfl,Europe
pgg,Asia
pgi,Oceania
pgk,Oceania
pgs,Africa
pgu,Asia
pha,Asia
phd,Asia
phg,Asia
phh,Asia
phk,Asia
phl,Asia
phm,Africa
pho,Asia
phq,Asia
phr,Asia
pht,Asia
phu,Asia
phv,Asia
pia,North America
pib,South America
pic,Africa
pid,South America
pif,NA
pih,Oceania
pii,Oceania
pil,Africa
pim,North America
pin,Oceania
pio,South America
pip,Africa
pir,South America
pis,Oceania
pit,Oceania
piu,Oceania
piv,NA
piw,Africa
pix,Oceania
piy,Africa
piz,Oceania
pjt,Oceania
pkb,Africa
pkg,NA
pkh,Asia
pkn,Oceania
pko,Africa
pkp,NA
pkr,Asia
pkt,Asia
pku,Asia
pla,Oceania
plb,Oceania
plc,Asia
ple,Asia
plg,South America
plh,Asia
pli,Asia
plj,Africa
plk,Asia
pll,Asia
pln,South America
plo,North America
plp,Asia
plr,Africa
pls,North America
plt,Africa
plu,South America
plv,Asia
plw,Asia
ply,Asia
plz,Asia
pma,NA
pmb,Africa
pme,Oceania
pmf,Asia
pmi,Asia
pmj,Asia
pmm,Africa
pmn,Africa
pmo,Asia
pmq,North America
pmr,Oceania
pms,Europe
pmt,Oceania
pmw,North America
pmx,Asia
pmy,Asia
pmz,North America
pna,Asia
pnb,Asia
pnc,Asia
pne,Asia
png,Africa
pnh,NA
pni,Asia
pnm,Asia
pnn,Oceania
pno,South America
pnp,Asia
pnq,Africa
pnr,Oceania
pns,Asia
pnt,Europe
pnu,Asia
pnv,Oceania
pnw,Oceania
pnx,Asia
pny,Africa
pnz,Africa
poc,North America
poe,North America
pof,Africa
poh,North America
poi,North America
pol,Europe
pom,North America
pon,Oceania
poo,North America
pop,Oceania
poq,North America
pos,North America
pot,North America
pov,Africa
pow,North America
poy,Africa
ppe,Oceania
ppi,North America
ppk,Asia
ppl,North America
ppm,Asia
ppn,Oceania
ppo,Oceania
ppq,Oceania
pps,North America
ppt,Oceania
ppu,Asia
pqa,Africa
pqm,North America
prc,Asia
pre,Africa
prg,Europe
prh,Asia
pri,Oceania
prk,Asia
prm,Oceania
prn,Asia
prq,South America
prr,South America
prs,Asia
prt,Asia
pru,Asia
prw,Oceania
prx,Asia
psa,Asia
psh,Asia
psi,Asia
psm,South America
psn,Asia
psq,Oceania
pss,Oceania
pst,Asia
psw,Oceania
psy,North America
pta,South America
pth,South America
pti,Oceania
ptn,Asia
pto,South America
ptp,Oceania
ptr,Oceania
ptt,Asia
ptu,Asia
ptv,Oceania
pty,Asia
pua,North America
pub,Asia
pud,Asia
pue,South America
puf,Asia
pug,Africa
pui,South America
puj,Asia
pum,Asia
puo,Asia
pup,Oceania
pur,South America
puu,Africa
puw,NA
pux,Oceania
puy,North America
pwa,Oceania
pwb,Africa
pwg,Oceania
pwm,Asia
pwn,Asia
pwo,Asia
pwr,Asia
pww,Asia
pye,Africa
pym,Africa
pyn,South America
pyu,Asia
pyy,Asia
pzn,Asia
qua,North America
qub,South America
quc,North America
qud,South America
quf,South America
qug,South America
quh,South America
qui,North America
quk,South America
qul,South America
qum,North America
qun,North America
qup,South America
qur,South America
qus,South America
quv,North America
quw,South America
qux,South America
quy,South America
quz,South America
qva,South America
qvc,South America
qve,South America
qvh,South America
qvi,South America
qvj,South America
qvl,South America
qvm,South America
qvn,South America
qvo,South America
qvp,South America
qvs,South America
qvw,South America
qvy,Asia
qvz,South America
qwa,South America
qwh,South America
qws,South America
qxa,South America
qxc,South America
qxh,South America
qxl,South America
qxn,South America
qxo,South America
qxp,South America
qxq,Asia
qxr,South America
qxs,Asia
qxt,South America
qxu,South America
qxw,South America
raa,Asia
rab,Asia
rac,Asia
rad,Asia
raf,Asia
rag,Africa
rah,Asia
rai,NA
rak,Oceania
ral,Asia
ram,South America
ran,Asia
rao,Oceania
rap,South America
raq,Asia
rar,Oceania
ras,Africa
rat,Asia
rau,Asia
rav,Asia
raw,Asia
rax,Africa
ray,NA
raz,Asia
rbb,Asia
rcf,Europe
rdb,Asia
rea,Oceania
reb,Asia
ree,Asia
reg,Africa
rei,Asia
rej,Asia
rel,Africa
rem,South America
ren,Asia
res,Africa
ret,Asia
rey,South America
rga,Oceania
rgk,Asia
rgr,South America
rgs,Asia
rgu,Asia
rhg,Asia
rhp,Oceania
ria,Asia
rif,Africa
ril,Asia
rim,Africa
rin,Africa
rir,Asia
rit,Oceania
riu,Asia
rjg,Asia
rji,Asia
rjs,Asia
rka,Asia
rkb,South America
rkh,NA
rki,Asia
rkm,Africa
rkt,Asia
rma,North America
rmb,Oceania
rmc,Europe
rme,Europe
rmf,Europe
rmh,Asia
rmi,Asia
rmk,Oceania
rmm,Asia
rmn,Europe
rmp,Oceania
rmt,Africa
rmu,Europe
rmw,Europe
rmx,Asia
rmy,Europe
rmz,Asia
rnd,Africa
rng,Africa
rnl,Asia
rnn,NA
rnp,Asia
rnw,Africa
rob,Asia
roc,Asia
rod,Africa
roe,Oceania
rof,Africa
rog,Asia
roh,Europe
rol,Asia
ron,Europe
roo,Oceania
rop,Oceania
ror,Asia
rou,Africa
row,Asia
rpt,Oceania
rri,Oceania
rro,Oceania
rth,Asia
rtm,Oceania
rtw,Asia
rub,Africa
ruc,Africa
rue,Europe
ruf,Africa
rug,Oceania
ruh,Asia
ruk,Africa
run,Africa
ruo,Europe
rup,Europe
ruq,Europe
rut,Asia
ruu,Asia
rwa,Oceania
rwk,Africa
rwm,Africa
rwo,Oceania
rwr,Asia
ryn,Asia
rys,Asia
ryu,Asia
saa,Africa
sab,North America
sac,North America
sad,Africa
sae,South America
saf,Africa
sag,Africa
sah,Europe
saj,Asia
sak,Africa
sam,Asia
san,Asia
sao,Asia
saq,Africa
sar,South America
sas,Asia
sat,Asia
sau,Asia
sav,Africa
saw,Asia
sax,Oceania
say,Africa
saz,Asia
sba,Africa
sbb,NA
sbc,Oceania
sbd,Africa
sbe,Oceania
sbf,Africa
sbg,Asia
sbh,Oceania
sbi,Oceania
sbj,Africa
sbk,Africa
sbl,Asia
sbm,Africa
sbn,Asia
sbo,Asia
sbp,Africa
sbq,Oceania
sbr,Asia
sbs,Africa
sbt,Asia
sbu,Asia
sbw,Africa
sbx,Asia
sby,Africa
sbz,Africa
scb,Asia
sce,Asia
scg,Asia
sch,Asia
sci,Asia
sck,Asia
scl,Asia
scn,Europe
sco,Europe
scp,Asia
scq,Asia
scs,North America
scu,Asia
scv,Africa
scw,Africa
sda,Asia
sdb,Asia
sdc,Europe
sde,Africa
sdf,Asia
sdg,Asia
sdh,Asia
sdj,Africa
sdm,Asia
sdn,Europe
sdo,Asia
sdp,Asia
sdr,Asia
sds,Africa
sdu,Asia
sdx,Asia
sea,Asia
sec,North America
sed,Asia
see,North America
sef,Africa
seg,Africa
seh,Africa
sei,North America
sej,Oceania
sek,North America
sel,Europe
sen,Africa
seo,Oceania
sep,Africa
seq,Africa
ser,North America
ses,Africa
set,Asia
seu,Asia
sev,Africa
sew,Oceania
sey,South America
sez,Asia
sfm,Asia
sfw,Africa
sgb,Asia
sgc,Africa
sge,Asia
sgh,Asia
sgi,Africa
sgk,Asia
sgm,Africa
sgp,Asia
sgr,Asia
sgt,Asia
sgu,Asia
sgw,Africa
sgz,Oceania
sha,Africa
shb,South America
shc,Africa
she,Africa
shg,Africa
shh,North America
shi,Africa
shj,Africa
shk,Africa
shl,Asia
shm,Asia
shn,Asia
sho,Africa
shp,South America
shq,Africa
shr,Africa
shs,North America
sht,North America
shv,Asia
shw,Africa
shx,Asia
shy,Africa
sia,Europe
sib,Asia
sid,Africa
sie,Africa
sif,Africa
sig,Africa
sih,Oceania
sii,Asia
sij,Oceania
sil,Africa
sim,Oceania
sin,Asia
sip,Asia
siq,Oceania
sir,Africa
sis,North America
siu,Oceania
siv,Oceania
siw,Oceania
six,Oceania
siy,Asia
siz,Africa
sja,South America
sjb,Asia
sjd,Europe
sje,Europe
sjg,Africa
sjl,Asia
sjm,Asia
sjo,Asia
sjp,Asia
sjr,Oceania
sjs,Europe
sjt,Europe
sju,Europe
sjw,North America
skb,Asia
skc,Oceania
skd,North America
ske,Oceania
skf,South America
skg,Africa
skh,Asia
ski,Asia
skj,Asia
skm,Oceania
skn,Asia
sko,Asia
skp,Asia
skq,Africa
skr,Asia
sks,Oceania
skt,Africa
sku,Oceania
skv,Asia
skw,South America
skx,Asia
sky,NA
skz,Asia
slc,South America
sld,Africa
sle,Asia
slg,Asia
slh,North America
sli,Europe
slk,Europe
sll,Oceania
slm,NA
sln,North America
slp,Asia
slr,Asia
slt,Asia
slu,Asia
slv,Europe
slw,Oceania
slx,Africa
sly,Asia
slz,Asia
sma,Europe
smb,Oceania
smc,Oceania
smd,Africa
sme,Europe
smf,Oceania
smg,Oceania
smh,Asia
smj,Europe
smk,Asia
sml,Asia
smm,Asia
smn,Europe
smo,Oceania
smp,Asia
smq,Oceania
smr,Asia
sms,Europe
smt,Asia
smu,Asia
smv,Asia
smw,Asia
smx,Africa
smy,Asia
smz,Oceania
sna,Africa
snb,Asia
snc,Oceania
snd,Asia
sne,Asia
snf,Africa
sng,Africa
sni,South America
snj,Africa
snk,Africa
snl,NA
snm,Africa
snn,South America
snp,Oceania
snq,Africa
snr,Oceania
sns,Oceania
snu,Asia
snv,Asia
snw,Africa
snx,Oceania
sny,Oceania
snz,Oceania
soa,Asia
sob,Asia
soc,Africa
sod,Africa
soe,Africa
soh,Africa
soi,Asia
sok,Africa
sol,Oceania
som,Africa
soo,Africa
sop,Africa
soq,Oceania
sor,Africa
sos,Africa
sot,Africa
sou,Asia
sov,NA
sow,Asia
sox,Africa
soy,Africa
soz,Africa
spb,Asia
spc,South America
spd,Oceania
spe,Oceania
spg,Asia
spi,Asia
spk,Oceania
spl,Oceania
spm,Oceania
spo,North America
spp,Africa
spr,Asia
sps,Oceania
spt,Asia
spu,Asia
spy,Africa
sqa,Africa
sqh,Africa
sqm,Africa
sqo,Asia
sqq,Asia
sqt,Asia
squ,North America
sra,Oceania
srb,Asia
src,Europe
sre,Asia
srf,Oceania
srg,Asia
srh,Asia
sri,South America
srk,Asia
srl,Asia
srm,Europe
srn,South America
sro,Europe
srq,South America
srr,Africa
srs,North America
srt,Asia
sru,South America
srv,Asia
srw,Asia
srx,Asia
sry,Oceania
srz,Asia
ssb,Asia
ssc,Africa
ssd,Oceania
sse,Asia
ssf,Asia
ssg,NA
ssi,Asia
ssj,Oceania
ssk,Asia
ssl,Africa
ssm,Asia
ssn,Africa
sso,Oceania
sss,Asia
sst,Oceania
ssu,Oceania
ssv,Oceania
ssw,Africa
ssx,Oceania
ssy,Africa
ssz,Oceania
stb,Asia
ste,Asia
stf,Oceania
stg,Asia
sti,Asia
stj,Africa
stk,Asia
stm,Oceania
stn,Oceania
sto,North America
stp,North America
stq,Europe
str,North America
sts,Asia
stt,Asia
stu,Asia
stv,Africa
stw,NA
sua,Oceania
sub,Africa
suc,Asia
sue,Oceania
sug,Asia
sui,Oceania
suj,Africa
suk,Africa
sun,Asia
suq,Africa
sur,Africa
sus,Africa
sut,North America
suv,Asia
suw,Africa
suy,South America
suz,Asia
sva,Asia
svb,Oceania
svc,North America
sve,NA
svs,NA
swb,Europe
swc,Africa
swe,Europe
swf,Africa
swg,Europe
swh,Africa
swi,Asia
swj,Africa
swk,Africa
swm,Oceania
swn,Africa
swo,South America
swp,Oceania
swq,Africa
swr,Asia
sws,Asia
swt,Asia
swu,Asia
swv,Asia
sww,Oceania
swx,South America
swy,Africa
sxb,Africa
sxe,Africa
sxg,Asia
sxn,Asia
sxr,Asia
sxs,Africa
sxu,Europe
sxw,Africa
sya,Asia
syb,Asia
syc,Asia
syi,Africa
syk,Africa
syl,Asia
sym,Africa
syn,Asia
syo,Asia
sys,Africa
syw,Asia
sza,Asia
szb,Asia
szc,Asia
sze,Africa
szg,Africa
szl,Europe
szn,Asia
szp,Asia
szv,Africa
szw,Asia
taa,North America
tab,Europe
tac,North America
tad,Asia
tae,South America
taf,South America
tag,Africa
tah,Oceania
taj,Asia
tak,Africa
tal,Africa
tam,Asia
tan,Africa
tao,NA
tap,Africa
taq,Africa
tar,North America
tat,Asia
tau,North America
tav,South America
taw,Oceania
tax,Africa
tay,Asia
taz,Africa
tba,South America
tbc,Oceania
tbd,Oceania
tbe,NA
tbf,Oceania
tbg,Oceania
tbh,Oceania
tbi,Africa
tbj,NA
tbk,Asia
tbl,Asia
tbm,Africa
tbn,South America
tbo,Oceania
tbp,Asia
tbr,Africa
tbs,Oceania
tbt,Africa
tbu,North America
tbw,Asia
tbx,Oceania
tby,Asia
tbz,Africa
tca,South America
tcb,North America
tcc,Africa
tcd,Africa
tce,North America
tcf,North America
tcg,Asia
tch,North America
tci,Oceania
tck,Africa
tcl,Asia
tcm,Asia
tcn,Asia
tco,Asia
tcp,Asia
tcq,Asia
tcs,Oceania
tct,Asia
tcu,North America
tcw,North America
tcx,Asia
tcy,Asia
tcz,Asia
tda,Africa
tdb,Asia
tdc,South America
tdd,Asia
tdf,Asia
tdg,Asia
tdh,Asia
tdi,Asia
tdj,Asia
tdk,Africa
tdl,Africa
tdn,Asia
tdo,Africa
tdq,Africa
tdr,Asia
tds,Asia
tdt,Asia
tdv,Africa
tdx,Africa
tdy,Asia
tea,Asia
tec,Africa
ted,Africa
tee,North America
tef,Asia
teg,Africa
teh,South America
tei,Oceania
tek,Africa
tel,Asia
tem,Africa
ten,South America
teo,Africa
tep,North America
teq,Africa
ter,South America
tes,Asia
tet,Asia
teu,Africa
tev,NA
tew,North America
tex,Africa
tey,Africa
tfi,Africa
tfn,North America
tfo,Asia
tfr,North America
tft,Asia
tga,Africa
tgb,Asia
tgc,Oceania
tgd,Africa
tge,Asia
tgf,Asia
tgh,North America
tgi,Oceania
tgk,Asia
tgl,Asia
tgo,Oceania
tgp,Oceania
tgq,Asia
tgs,Oceania
tgt,Asia
tgu,Oceania
tgw,Africa
tgx,North America
tgy,Africa
tha,Asia
thd,Oceania
the,Asia
thf,Asia
thh,North America
thk,Africa
thl,Asia
thm,Asia
thn,Asia
thp,North America
thq,Asia
thr,Asia
ths,Asia
tht,North America
thu,Africa
thv,Africa
thy,Africa
thz,Africa
tia,Africa
tic,Africa
tif,Asia
tig,Africa
tih,Asia
tii,Africa
tij,Asia
tik,Africa
til,North America
tim,Oceania
tin,Europe
tio,Oceania
tip,Asia
tiq,Africa
tir,Africa
tis,Asia
tit,South America
tiu,Asia
tiv,Africa
tiw,Oceania
tix,North America
tiy,Asia
tiz,Asia
tja,Africa
tjg,Asia
tji,Asia
tjn,Africa
tjo,Africa
tjs,Asia
tju,Oceania
tkb,Asia
tkd,Asia
tke,Africa
tkl,Oceania
tkn,Asia
tkp,NA
tkq,Africa
tkr,Asia
tks,Asia
tkt,Asia
tku,North America
tkw,Oceania
tkx,Asia
tkz,Asia
tla,North America
tlb,Asia
tlc,North America
tld,Asia
tlf,Oceania
tlg,Asia
tli,North America
tlj,Africa
tlk,Asia
tll,Africa
tlm,Oceania
tln,Asia
tlo,Africa
tlp,North America
tlq,Asia
tlr,Oceania
tls,Oceania
tlt,Asia
tlu,Asia
tlv,Asia
tlx,Oceania
tly,Asia
tma,Africa
tmb,Oceania
tmc,Africa
tmd,Oceania
tmf,South America
tmg,Asia
tmi,Oceania
tmj,Asia
tml,Asia
tmm,Asia
tmn,Asia
tmo,Asia
tmq,Oceania
tmr,Asia
tms,Africa
tmt,Oceania
tmu,Asia
tmv,Africa
tmy,Oceania
tmz,South America
tna,South America
tnb,South America
tnc,South America
tnd,South America
tng,Africa
tnh,Oceania
tni,Asia
tnk,Oceania
tnl,Oceania
tnm,Asia
tnn,Oceania
tnp,Oceania
tnq,North America
tnr,Africa
tns,NA
tnt,Asia
tnu,Asia
tnv,Asia
tnw,Asia
tnx,Oceania
tny,Africa
tnz,Asia
tob,South America
toc,North America
tod,Africa
tof,Oceania
tog,Africa
toh,Africa
toi,Africa
toj,North America
tol,North America
tom,Asia
ton,Oceania
too,North America
top,North America
toq,Africa
tor,Africa
tos,North America
tou,Asia
tov,Asia
tow,North America
tox,Oceania
toy,Asia
toz,Africa
tpa,Oceania
tpc,North America
tpe,Asia
tpf,Asia
tpg,Asia
tpi,Oceania
tpj,South America
tpl,North America
tpm,Africa
tpo,Asia
tpp,North America
tpq,Asia
tpr,South America
tpt,North America
tpu,Asia
tpv,Oceania
tpx,North America
tpy,South America
tpz,Oceania
tqb,South America
tql,NA
tqm,Oceania
tqn,North America
tqo,Oceania
tqp,Oceania
tqq,Africa
tqr,Africa
tqt,North America
tqu,Oceania
tqw,North America
tra,Asia
trb,Oceania
trc,North America
trd,Asia
tre,Asia
trf,North America
trg,Asia
trh,Oceania
tri,South America
trj,Africa
trm,Asia
trn,South America
tro,Asia
trp,Asia
trq,North America
trr,South America
trs,North America
trt,Asia
tru,Asia
trv,Asia
trw,Asia
trx,Asia
try,Asia
trz,South America
tsa,Africa
tsb,Africa
tsc,Africa
tsd,Europe
tsg,Asia
tsh,Africa
tsi,North America
tsj,Asia
tsk,Asia
tsl,Asia
tsn,Africa
tso,Africa
tsp,Africa
tsr,Oceania
tsu,Asia
tsv,Africa
tsw,Africa
tsx,Oceania
tsz,North America
ttb,Africa
ttc,North America
ttd,Oceania
tte,NA
ttf,Africa
ttg,Asia
tth,Asia
tti,Asia
ttj,Africa
ttk,South America
ttl,Africa
ttm,North America
ttn,Asia
tto,Asia
ttp,Asia
ttq,Africa
ttr,Africa
tts,Asia
ttt,Asia
ttu,Oceania
ttv,Oceania
ttw,Asia
tty,Asia
ttz,Asia
tua,Oceania
tub,North America
tuc,Oceania
tud,South America
tue,South America
tuf,South America
tug,Africa
tuh,Oceania
tui,Africa
tuj,Asia
tuk,Asia
tul,Africa
tum,Africa
tun,North America
tuo,South America
tuq,Africa
tur,Asia
tus,North America
tuu,North America
tuv,Africa
tux,South America
tuy,Africa
tuz,Africa
tva,Oceania
tvd,Africa
tve,Asia
tvk,Oceania
tvl,NA
tvm,Asia
tvn,Asia
tvo,Asia
tvs,Africa
tvt,Asia
tvw,Asia
tvy,Asia
twa,North America
twb,Asia
twe,Asia
twf,North America
twg,Asia
twh,Asia
twl,Africa
twn,Africa
two,Africa
twp,Oceania
twq,Africa
twr,North America
twt,South America
twu,Asia
tww,Oceania
twx,Africa
twy,Asia
txa,Asia
txe,Asia
txi,South America
txm,Asia
txn,Asia
txo,Asia
txq,Asia
txs,Asia
txt,Asia
txu,South America
txx,Asia
txy,Africa
tya,Oceania
tye,Africa
tyh,Asia
tyi,Africa
tyj,Asia
tyn,Asia
typ,Oceania
tyr,Asia
tys,Asia
tyt,Asia
tyu,Africa
tyv,Asia
tyx,Africa
tyz,Asia
tzh,North America
tzj,North America
tzm,Africa
tzn,Asia
tzo,North America
tzx,Oceania
uan,Asia
uar,Oceania
uba,Africa
ubi,Africa
ubr,Oceania
ubu,Oceania
uby,Europe
uda,Africa
ude,Europe
udg,Asia
udi,Asia
udj,Asia
udl,Africa
udm,Europe
udu,Africa
ues,Asia
ufi,Oceania
ugb,Oceania
uge,Oceania
ugo,Asia
uha,Africa
uhn,Asia
uig,Asia
uis,Oceania
uiv,Africa
uji,Africa
uka,Asia
ukg,Oceania
ukh,Africa
ukp,Africa
ukq,Africa
ukr,Europe
uku,Africa
ukw,Africa
ula,Africa
ulb,Africa
ulc,Europe
ulf,Asia
uli,NA
ulk,NA
ull,Asia
ulm,Asia
uln,Oceania
ulu,Asia
uma,North America
umb,Africa
umd,Oceania
umg,Oceania
umi,Asia
umm,Africa
umn,Asia
umo,South America
ump,Oceania
umr,Oceania
ums,Asia
umu,North America
una,Oceania
une,Africa
ung,Oceania
unk,South America
unm,North America
unr,Asia
unz,Asia
upi,Oceania
upv,Oceania
ura,South America
urb,South America
urc,Oceania
ure,South America
urg,Oceania
urh,Africa
uri,Oceania
url,Asia
urm,Oceania
urn,NA
uro,Oceania
urr,NA
urt,Oceania
uru,South America
urv,Oceania
urw,Oceania
urx,Oceania
ury,Asia
urz,South America
usa,Oceania
ush,Asia
usi,Asia
usk,Africa
usp,North America
usu,Oceania
uta,Africa
ute,North America
utp,NA
utr,Africa
utu,Oceania
uum,Europe
uun,Asia
uur,Oceania
uuu,Asia
uve,Oceania
uvh,Oceania
uvl,Oceania
uwa,Oceania
uya,Africa
uzn,Asia
uzs,Asia
vaa,Asia
vae,Africa
vaf,Asia
vag,Africa
vah,Asia
vai,Africa
vaj,Africa
val,Oceania
vam,Oceania
van,Oceania
vao,Oceania
vap,Asia
var,North America
vas,Asia
vau,Africa
vav,Asia
vay,Asia
vbb,Asia
vec,Europe
ved,Asia
vem,Africa
ven,Africa
veo,North America
vep,Europe
ver,Africa
vgr,Asia
vic,North America
vid,Africa
vie,Asia
vif,Africa
vig,Africa
vil,South America
vin,Africa
vis,Asia
vit,Africa
viv,Oceania
vka,Oceania
vki,Africa
vkj,Africa
vkl,Asia
vkm,South America
vko,Asia
vkp,Asia
vku,Oceania
vlp,Oceania
vls,Europe
vma,Oceania
vmb,Oceania
vmc,North America
vmd,Asia
vme,NA
vmf,Europe
vmg,Oceania
vmh,Asia
vmi,Oceania
vmj,North America
vmk,Africa
vml,Oceania
vmm,North America
vmp,North America
vmq,North America
vmr,Africa
vmu,Oceania
vmv,North America
vmw,Africa
vmx,North America
vmy,North America
vmz,North America
vnk,Oceania
vnm,Oceania
vnp,Oceania
vor,Africa
vot,Europe
vrs,Oceania
vrt,Oceania
vto,Asia
vum,Africa
vun,Africa
vut,Africa
vwa,Asia
waa,North America
wab,Oceania
wac,North America
wad,Asia
wae,Europe
wag,Oceania
wah,NA
waj,Oceania
wal,Africa
wam,North America
wan,Africa
wao,North America
wap,South America
waq,Oceania
war,Asia
was,North America
wat,Oceania
wau,South America
wav,Africa
waw,South America
wax,Oceania
way,South America
waz,Oceania
wba,South America
wbb,Asia
wbe,Asia
wbf,Africa
wbh,Africa
wbi,Africa
wbj,Africa
wbk,Asia
wbl,Asia
wbm,Asia
wbp,Oceania
wbq,Asia
wbr,Asia
wbt,Oceania
wbv,Oceania
wbw,Asia
wca,South America
wci,Africa
wdd,Africa
wdg,Oceania
wdj,Oceania
wdu,Oceania
wea,Asia
wec,Africa
wed,Oceania
weh,Africa
wei,Oceania
wem,Africa
weo,Asia
wep,Europe
wer,Oceania
wes,Africa
wet,Asia
wew,Asia
wfg,Asia
wga,Oceania
wgg,Oceania
wgi,Oceania
wgo,Asia
wgy,Oceania
wha,Asia
whg,Oceania
whk,Asia
wib,Africa
wic,North America
wie,Oceania
wig,Oceania
wih,Oceania
wii,Oceania
wij,Oceania
wik,Oceania
wil,Oceania
wim,Oceania
win,North America
wir,South America
wiu,Oceania
wiv,NA
wiy,North America
wja,Africa
wji,Africa
wka,Africa
wkd,Asia
wkl,Asia
wku,Asia
wkw,Oceania
wla,Oceania
wlc,Africa
wle,Africa
wlg,Oceania
wli,Asia
wlk,North America
wll,Africa
wln,Europe
wlo,Asia
wlr,Oceania
wls,Oceania
wlu,Oceania
wlv,South America
wlw,Asia
wlx,Africa
wly,Asia
wmb,Oceania
wmc,Oceania
wmd,South America
wme,Asia
wmh,Asia
wmi,Oceania
wmm,Asia
wmn,Oceania
wmo,Oceania
wms,Asia
wmt,Oceania
wmw,Africa
wnb,Oceania
wnc,Oceania
wnd,Oceania
wne,Asia
wng,Asia
wni,Africa
wnk,Asia
wnm,Oceania
wno,Asia
wnp,Oceania
wnu,Oceania
woa,Oceania
wob,Africa
woc,NA
wod,Asia
woe,NA
wof,Africa
wog,Oceania
woi,Asia
wok,Africa
wol,Africa
wom,Africa
won,Africa
woo,Asia
wor,Asia
wos,Oceania
wow,Asia
wpc,South America
wra,Oceania
wrb,Oceania
wrg,Oceania
wrh,Oceania
wri,Oceania
wrl,Oceania
wrm,Oceania
wrn,Africa
wrp,Asia
wrr,Oceania
wrs,Asia
wru,Asia
wrv,Oceania
wrw,Oceania
wrx,Asia
wry,Asia
wrz,Oceania
wsa,Asia
wsi,Oceania
wsk,Oceania
wsr,Oceania
wss,Africa
wsv,Asia
wtf,Oceania
wti,Africa
wtk,Oceania
wtm,Asia
wtw,Asia
wua,Oceania
wub,Oceania
wud,Africa
wuh,Asia
wul,Asia
wum,Africa
wun,Africa
wur,Oceania
wut,Asia
wuv,NA
wux,Oceania
wuy,Asia
wwa,Africa
wwo,Oceania
wwr,Oceania
www,Africa
wxa,Asia
wya,North America
wyb,Oceania
wym,Europe
wyr,South America
wyy,Oceania
xab,Africa
xac,Asia
xal,Asia
xam,Africa
xan,Africa
xar,Oceania
xas,Asia
xat,South America
xau,Asia
xav,South America
xaw,North America
xay,Asia
xbi,Oceania
xbr,Asia
xdy,Asia
xed,Africa
xeg,Africa
xel,Africa
xem,Asia
xer,South America
xes,Oceania
xet,South America
xeu,Oceania
xhe,Asia
xho,Africa
xir,South America
xka,Asia
xkb,Africa
xkc,Asia
xkd,Asia
xke,Asia
xkf,Asia
xkg,Africa
xkj,Asia
xkk,Asia
xkl,Asia
xkn,Asia
xkp,Asia
xkq,Asia
xkr,South America
xks,Asia
xkt,Africa
xku,Africa
xkv,Africa
xkw,Asia
xkx,Oceania
xky,Asia
xkz,Asia
xla,Oceania
xmb,Africa
xmc,Africa
xmd,Africa
xmf,Asia
xmg,Africa
xmh,Oceania
xmj,Africa
xmp,Oceania
xmt,Asia
xmu,Oceania
xmv,Africa
xmw,Africa
xmx,Asia
xmy,Oceania
xmz,Asia
xnb,Asia
xnn,Asia
xnr,Asia
xns,Asia
xod,Asia
xog,Africa
xoi,Oceania
xok,South America
xom,Africa
xon,Africa
xoo,South America
xop,Oceania
xor,South America
xow,Oceania
xpe,Africa
xpk,South America
xrb,Africa
xre,South America
xru,Oceania
xrw,Oceania
xsb,Asia
xse,Asia
xsh,Africa
xsi,Oceania
xsl,North America
xsm,Africa
xsn,Africa
xsp,Oceania
xsq,Africa
xsr,Asia
xsu,South America
xsy,Asia
xta,North America
xtb,North America
xtc,Africa
xtd,North America
xte,Asia
xti,North America
xtj,North America
xtl,North America
xtm,North America
xtn,North America
xtp,North America
xts,North America
xtt,North America
xtu,North America
xtw,South America
xty,North America
xua,Asia
xub,Asia
xug,Asia
xuj,Asia
xuo,Africa
xut,Oceania
xuu,Africa
xvi,Asia
xwa,South America
xwe,Africa
xwg,Africa
xwl,Africa
xwr,Asia
xxk,Asia
yaa,South America
yab,South America
yac,Asia
yad,South America
yae,South America
yaf,Africa
yag,South America
yah,Asia
yai,Asia
yaj,Africa
yak,North America
yal,Africa
yam,Africa
yao,Africa
yap,Oceania
yaq,North America
yar,South America
yas,Africa
yat,Africa
yau,South America
yav,Africa
yaw,South America
yay,Africa
yaz,Africa
yba,Africa
ybb,Africa
ybe,Asia
ybh,Asia
ybi,Asia
ybj,Africa
ybk,Asia
ybl,Africa
ybm,Oceania
ybn,South America
ybo,Oceania
ybx,Oceania
yby,Oceania
ych,Asia
ycl,Asia
ycn,South America
ycp,Asia
ydd,North America
yde,Oceania
ydg,Asia
ydk,Oceania
yea,Asia
yee,Oceania
yei,Africa
yel,Africa
yer,Africa
yes,Africa
yet,Asia
yeu,Asia
yev,Oceania
yey,Africa
ygl,Oceania
ygm,Oceania
ygp,Asia
ygr,Oceania
ygw,Oceania
yha,Asia
yhl,Asia
yia,Oceania
yif,Asia
yig,Asia
yih,Europe
yii,Oceania
yij,Oceania
yik,Asia
yil,Oceania
yim,Asia
yin,Asia
yip,Asia
yiq,Asia
yir,Asia
yis,Oceania
yit,Asia
yiu,Asia
yiv,Asia
yix,Asia
yiz,Asia
yka,Asia
ykg,Europe
yki,Asia
ykk,Oceania
ykl,Asia
ykm,Oceania
yko,Africa
ykr,Oceania
ykt,Asia
yky,Africa
yla,Oceania
yle,Oceania
ylg,Oceania
yli,Asia
yll,Oceania
ylm,Asia
yln,Asia
ylo,Asia
ylr,Oceania
ylu,Oceania
yly,Oceania
ymb,Oceania
ymc,Asia
ymd,Asia
yme,South America
ymh,Asia
ymi,Asia
ymk,Africa
yml,Oceania
ymm,Africa
ymn,Asia
ymo,Oceania
ymp,Oceania
ymq,Asia
ymr,Asia
ymx,Asia
ymz,Asia
yna,Asia
ynd,Oceania
yng,Africa
ynk,Europe
ynl,Oceania
yno,Asia
yns,Africa
ynu,South America
yob,Oceania
yog,Asia
yoi,NA
yok,North America
yom,Africa
yon,Asia
yor,Africa
yox,NA
yoy,Asia
ypa,Asia
ypb,Asia
ypg,Asia
yph,Asia
ypm,Asia
ypn,Asia
ypo,Asia
ypp,Asia
ypz,Asia
yra,Oceania
yrb,Oceania
yre,Africa
yrk,Europe
yrl,South America
yrn,Asia
yrw,Oceania
ysd,Asia
ysn,Asia
yso,Asia
ysr,Europe
yss,Oceania
ysy,Asia
yta,Asia
ytl,Asia
ytp,Asia
yua,North America
yub,Oceania
yuc,North America
yuf,North America
yui,South America
yuj,Asia
yuk,North America
yul,Africa
yum,North America
yun,Africa
yup,South America
yuq,South America
yur,North America
yut,Oceania
yuw,Oceania
yux,Europe
yuy,Asia
yuz,South America
yva,Asia
yvt,South America
ywa,Oceania
ywl,Asia
ywn,South America
ywq,Asia
ywr,Oceania
ywt,Asia
ywu,Asia
yww,Oceania
yyu,Oceania
yyz,Asia
yzg,Asia
yzk,Asia
zaa,North America
zab,North America
zac,North America
zad,North America
zae,North America
zaf,North America
zag,Africa
zah,Africa
zai,North America
zaj,Africa
zak,Africa
zal,Asia
zam,North America
zao,North America
zaq,North America
zar,North America
zas,North America
zat,North America
zau,Asia
zav,North America
zaw,North America
zax,North America
zay,Africa
zaz,Africa
zbc,Asia
zbe,Asia
zbt,Asia
zbw,Asia
zca,North America
zch,Asia
zdj,Africa
zea,Europe
zeg,Oceania
zeh,Asia
zen,Africa
zga,Africa
zgb,Asia
zgm,Asia
zgn,Asia
zgr,Oceania
zhb,Asia
zhd,Asia
zhi,Africa
zhn,Asia
zhw,Africa
zia,Oceania
zik,Oceania
zim,Africa
zin,Africa
zir,Africa
ziw,Africa
ziz,Africa
zka,NA
zkp,South America
zkr,Asia
zlj,Asia
zln,Asia
zlq,Asia
zma,Oceania
zmb,Africa
zmc,Oceania
zmd,Oceania
zme,Oceania
zmf,Africa
zmg,Oceania
zmh,Oceania
zmj,Oceania
zmk,Oceania
zml,Oceania
zmm,Oceania
zmn,Africa
zmo,Africa
zmp,Africa
zmq,Africa
zmr,Oceania
zms,Africa
zmt,Oceania
zmu,Oceania
zmv,Oceania
zmw,Africa
zmx,Africa
zmy,Oceania
zmz,Africa
zna,Africa
zne,Africa
zng,Asia
zns,Africa
zoc,North America
zoh,North America
zom,Asia
zoo,North America
zoq,North America
zor,North America
zos,North America
zpa,North America
zpb,North America
zpc,North America
zpd,North America
zpe,North America
zpf,North America
zpg,North America
zph,North America
zpi,North America
zpj,North America
zpk,North America
zpl,North America
zpm,North America
zpn,North America
zpo,North America
zpp,North America
zpq,North America
zpr,North America
zps,North America
zpt,North America
zpu,North America
zpv,North America
zpw,North America
zpx,North America
zpy,North America
zpz,North America
zqe,Asia
zrn,Africa
zro,South America
zrs,Asia
zsa,Oceania
zsr,North America
zsu,Oceania
zte,North America
ztg,North America
ztl,North America
ztm,North America
ztn,North America
ztp,North America
ztq,North America
zts,North America
ztt,North America
ztu,North America
ztx,North America
zty,North America
zua,Africa
zuh,Oceania
zul,Africa
zum,Asia
zun,North America
zuy,Africa
zwa,Africa
zyb,Asia
zyg,Asia
zyj,Asia
zyn,Asia
zyp,Asia
zzj,Asia
